Order_ID,Order_Date,Product,Category,Quantity,Price,Discount,Revenue,Region,Payment_Method
1,2025-01-01 00:00:00.000000,Watch,Accessories,4,1160,14,3990.4,East,Cash on Delivery
2,2025-01-01 08:44:41.081081,Dress,Clothing,3,766,22,1792.44,East,Debit Card
3,2025-01-01 17:29:22.162162,Backpack,Accessories,1,3471,7,3228.03,West,Debit Card
4,2025-01-02 02:14:03.243243,Jacket,Clothing,1,1069,23,823.13,West,Credit Card
5,2025-01-02 10:58:44.324324,Jacket,Clothing,2,1484,11,2641.52,South,Credit Card
6,2025-01-02 19:43:25.405405,Sunglasses,Accessories,1,774,26,572.76,East,Credit Card
7,2025-01-03 04:28:06.486486,Sneakers,Footwear,4,1567,24,4763.68,East,UPI
8,2025-01-03 13:12:47.567567,Sneakers,Footwear,3,3188,6,8990.16,South,Cash on Delivery
9,2025-01-03 21:57:28.648648,Sunglasses,Accessories,4,2361,17,7838.52,South,UPI
10,2025-01-04 06:42:09.729729,Perfume,Beauty,1,1663,27,1213.99,East,Cash on Delivery
11,2025-01-04 15:26:50.810810,Watch,Accessories,4,2856,7,10624.32,East,Debit Card
12,2025-01-05 00:11:31.891891,T-Shirt,Clothing,4,1885,7,7012.2,West,Credit Card
13,2025-01-05 08:56:12.972972,Jacket,Clothing,2,4143,21,6545.94,North,Debit Card
14,2025-01-05 17:40:54.054054,Jeans,Clothing,2,461,9,839.02,South,Cash on Delivery
15,2025-01-06 02:25:35.135135,Backpack,Accessories,2,4098,27,5983.08,North,Credit Card
16,2025-01-06 11:10:16.216216,Backpack,Accessories,1,637,14,547.82,North,Cash on Delivery
17,2025-01-06 19:54:57.297297,Perfume,Beauty,1,679,12,597.52,North,UPI
18,2025-01-07 04:39:38.378378,T-Shirt,Clothing,1,2868,23,2208.36,North,Cash on Delivery
19,2025-01-07 13:24:19.459459,Backpack,Accessories,4,691,2,2708.72,East,UPI
20,2025-01-07 22:09:00.540540,Dress,Clothing,2,2578,25,3867.0,North,Cash on Delivery
21,2025-01-08 06:53:41.621621,Watch,Accessories,1,3404,15,2893.4,East,Debit Card
22,2025-01-08 15:38:22.702702,Backpack,Accessories,1,3031,7,2818.83,South,Debit Card
23,2025-01-09 00:23:03.783783,Sneakers,Footwear,1,2990,0,2990.0,North,Credit Card
24,2025-01-09 09:07:44.864864,Watch,Accessories,3,4793,6,13516.26,East,UPI
25,2025-01-09 17:52:25.945945,Perfume,Beauty,2,1784,18,2925.76,East,Cash on Delivery
26,2025-01-10 02:37:07.027027,Watch,Accessories,1,863,28,621.36,West,Cash on Delivery
27,2025-01-10 11:21:48.108108,Dress,Clothing,3,1978,10,5340.6,North,Cash on Delivery
28,2025-01-10 20:06:29.189189,Watch,Accessories,3,3614,21,8565.18,West,Credit Card
29,2025-01-11 04:51:10.270270,Perfume,Beauty,1,1897,24,1441.72,North,Credit Card
30,2025-01-11 13:35:51.351351,Hoodie,Clothing,2,2281,10,4105.8,West,Credit Card
31,2025-01-11 22:20:32.432432,Watch,Accessories,4,3602,29,10229.68,North,UPI
32,2025-01-12 07:05:13.513513,Sunglasses,Accessories,3,4329,24,9870.12,West,UPI
33,2025-01-12 15:49:54.594594,Sunglasses,Accessories,3,1009,7,2815.11,East,UPI
34,2025-01-13 00:34:35.675675,Dress,Clothing,1,963,14,828.18,East,Credit Card
35,2025-01-13 09:19:16.756756,Backpack,Accessories,1,4063,16,3412.92,South,UPI
36,2025-01-13 18:03:57.837837,Perfume,Beauty,4,1591,29,4518.44,East,Credit Card
37,2025-01-14 02:48:38.918918,Sneakers,Footwear,1,1936,16,1626.24,West,UPI
38,2025-01-14 11:33:20.000000,T-Shirt,Clothing,2,1154,4,2215.68,West,UPI
39,2025-01-14 20:18:01.081081,T-Shirt,Clothing,3,2007,25,4515.75,West,Credit Card
40,2025-01-15 05:02:42.162162,Watch,Accessories,4,3810,10,13716.0,West,Debit Card
41,2025-01-15 13:47:23.243243,T-Shirt,Clothing,3,4689,23,10831.59,North,Cash on Delivery
42,2025-01-15 22:32:04.324324,Jeans,Clothing,2,2230,30,3122.0,West,Cash on Delivery
43,2025-01-16 07:16:45.405405,T-Shirt,Clothing,1,1447,26,1070.78,South,Cash on Delivery
44,2025-01-16 16:01:26.486486,Sneakers,Footwear,4,3111,26,9208.56,West,Debit Card
45,2025-01-17 00:46:07.567567,Perfume,Beauty,3,446,19,1083.78,West,Debit Card
46,2025-01-17 09:30:48.648648,Hoodie,Clothing,1,3276,7,3046.68,West,Debit Card
47,2025-01-17 18:15:29.729729,Jeans,Clothing,4,2102,27,6137.84,North,UPI
48,2025-01-18 03:00:10.810810,Jeans,Clothing,3,4361,9,11905.53,East,Debit Card
49,2025-01-18 11:44:51.891891,Perfume,Beauty,4,1316,19,4263.84,West,UPI
50,2025-01-18 20:29:32.972972,Jeans,Clothing,1,4023,4,3862.08,North,Cash on Delivery
51,2025-01-19 05:14:14.054054,Watch,Accessories,1,3470,18,2845.4,West,Cash on Delivery
52,2025-01-19 13:58:55.135135,Sneakers,Footwear,4,3491,0,13964.0,West,Cash on Delivery
53,2025-01-19 22:43:36.216216,T-Shirt,Clothing,4,1745,7,6491.4,West,Credit Card
54,2025-01-20 07:28:17.297297,Sneakers,Footwear,4,2857,24,8685.28,East,UPI
55,2025-01-20 16:12:58.378378,Jeans,Clothing,4,4733,1,18742.68,South,Debit Card
56,2025-01-21 00:57:39.459459,Sunglasses,Accessories,4,460,3,1784.8,North,Credit Card
57,2025-01-21 09:42:20.540540,Dress,Clothing,4,4287,23,13203.96,West,Cash on Delivery
58,2025-01-21 18:27:01.621621,Watch,Accessories,3,4796,0,14388.0,West,Cash on Delivery
59,2025-01-22 03:11:42.702702,Sneakers,Footwear,2,3746,21,5918.68,South,Credit Card
60,2025-01-22 11:56:23.783783,Jacket,Clothing,2,3736,18,6127.04,South,Cash on Delivery
61,2025-01-22 20:41:04.864864,Jeans,Clothing,1,1259,0,1259.0,North,Cash on Delivery
62,2025-01-23 05:25:45.945945,Sneakers,Footwear,4,4942,16,16605.12,West,UPI
63,2025-01-23 14:10:27.027027,Dress,Clothing,2,1360,23,2094.4,North,UPI
64,2025-01-23 22:55:08.108108,Dress,Clothing,3,3470,27,7599.3,North,Cash on Delivery
65,2025-01-24 07:39:49.189189,Dress,Clothing,4,1484,2,5817.28,West,Credit Card
66,2025-01-24 16:24:30.270270,Sunglasses,Accessories,2,869,2,1703.24,West,Credit Card
67,2025-01-25 01:09:11.351351,Backpack,Accessories,2,4314,21,6816.12,East,Credit Card
68,2025-01-25 09:53:52.432432,Perfume,Beauty,2,4357,16,7319.76,West,UPI
69,2025-01-25 18:38:33.513513,Sunglasses,Accessories,3,4641,15,11834.55,East,UPI
70,2025-01-26 03:23:14.594594,Perfume,Beauty,3,837,2,2460.78,South,UPI
71,2025-01-26 12:07:55.675675,Backpack,Accessories,1,3250,24,2470.0,West,UPI
72,2025-01-26 20:52:36.756756,Hoodie,Clothing,1,4147,13,3607.89,West,Credit Card
73,2025-01-27 05:37:17.837837,Sneakers,Footwear,3,1466,27,3210.54,South,Credit Card
74,2025-01-27 14:21:58.918918,Watch,Accessories,3,1153,18,2836.38,North,Credit Card
75,2025-01-27 23:06:40.000000,Jacket,Clothing,2,2015,9,3667.3,South,Debit Card
76,2025-01-28 07:51:21.081081,Jacket,Clothing,3,2791,4,8038.08,North,Cash on Delivery
77,2025-01-28 16:36:02.162162,Dress,Clothing,4,3351,11,11929.56,North,Debit Card
78,2025-01-29 01:20:43.243243,Hoodie,Clothing,2,1176,19,1905.12,South,Debit Card
79,2025-01-29 10:05:24.324324,Sneakers,Footwear,3,4664,17,11613.36,West,Credit Card
80,2025-01-29 18:50:05.405405,Sneakers,Footwear,1,419,30,293.3,East,Cash on Delivery
81,2025-01-30 03:34:46.486486,Perfume,Beauty,3,1669,4,4806.72,South,UPI
82,2025-01-30 12:19:27.567567,Watch,Accessories,3,2231,20,5354.4,North,Credit Card
83,2025-01-30 21:04:08.648648,Perfume,Beauty,1,3149,29,2235.79,South,Cash on Delivery
84,2025-01-31 05:48:49.729729,Sunglasses,Accessories,4,3643,28,10491.84,East,Cash on Delivery
85,2025-01-31 14:33:30.810810,Dress,Clothing,2,2594,2,5084.24,West,Credit Card
86,2025-01-31 23:18:11.891891,Sneakers,Footwear,1,3044,28,2191.68,South,Cash on Delivery
87,2025-02-01 08:02:52.972972,Dress,Clothing,3,2441,13,6371.01,South,Cash on Delivery
88,2025-02-01 16:47:34.054054,Dress,Clothing,4,3259,25,9777.0,South,Cash on Delivery
89,2025-02-02 01:32:15.135135,Dress,Clothing,3,1935,0,5805.0,South,Credit Card
90,2025-02-02 10:16:56.216216,Dress,Clothing,3,3149,19,7652.07,East,Credit Card
91,2025-02-02 19:01:37.297297,Perfume,Beauty,3,2789,0,8367.0,West,UPI
92,2025-02-03 03:46:18.378378,Hoodie,Clothing,4,3139,15,10672.6,East,Credit Card
93,2025-02-03 12:30:59.459459,T-Shirt,Clothing,4,1195,26,3537.2,West,Cash on Delivery
94,2025-02-03 21:15:40.540540,Jeans,Clothing,3,2727,0,8181.0,North,UPI
95,2025-02-04 06:00:21.621621,Sneakers,Footwear,3,4213,10,11375.1,West,UPI
96,2025-02-04 14:45:02.702702,Jeans,Clothing,1,2846,17,2362.18,East,Debit Card
97,2025-02-04 23:29:43.783783,T-Shirt,Clothing,2,1075,28,1548.0,South,Credit Card
98,2025-02-05 08:14:24.864864,Perfume,Beauty,2,717,18,1175.88,North,Debit Card
99,2025-02-05 16:59:05.945945,Hoodie,Clothing,2,1816,10,3268.8,North,Cash on Delivery
100,2025-02-06 01:43:47.027027,Hoodie,Clothing,1,3648,28,2626.56,North,Cash on Delivery
101,2025-02-06 10:28:28.108108,Perfume,Beauty,1,2804,23,2159.08,West,Debit Card
102,2025-02-06 19:13:09.189189,T-Shirt,Clothing,3,4379,3,12742.89,South,UPI
103,2025-02-07 03:57:50.270270,Watch,Accessories,4,1987,22,6199.44,South,Cash on Delivery
104,2025-02-07 12:42:31.351351,Dress,Clothing,4,3740,22,11668.8,North,Debit Card
105,2025-02-07 21:27:12.432432,Sunglasses,Accessories,3,4252,29,9056.76,West,Cash on Delivery
106,2025-02-08 06:11:53.513513,Sunglasses,Accessories,2,4792,26,7092.16,East,UPI
107,2025-02-08 14:56:34.594594,Hoodie,Clothing,4,4471,8,16453.28,East,Cash on Delivery
108,2025-02-08 23:41:15.675675,Hoodie,Clothing,3,3877,14,10002.66,West,UPI
109,2025-02-09 08:25:56.756756,Dress,Clothing,3,4791,24,10923.48,West,Debit Card
110,2025-02-09 17:10:37.837837,Dress,Clothing,4,3936,22,12280.32,West,UPI
111,2025-02-10 01:55:18.918918,Watch,Accessories,1,3282,13,2855.34,East,Credit Card
112,2025-02-10 10:40:00.000000,Dress,Clothing,3,1032,10,2786.4,East,Credit Card
113,2025-02-10 19:24:41.081081,Sunglasses,Accessories,2,1253,11,2230.34,North,UPI
114,2025-02-11 04:09:22.162162,Jacket,Clothing,3,1491,9,4070.43,North,Credit Card
115,2025-02-11 12:54:03.243243,Perfume,Beauty,2,1840,28,2649.6,North,Credit Card
116,2025-02-11 21:38:44.324324,Sneakers,Footwear,4,1688,0,6752.0,South,Cash on Delivery
117,2025-02-12 06:23:25.405405,T-Shirt,Clothing,3,4612,12,12175.68,West,Cash on Delivery
118,2025-02-12 15:08:06.486486,Jacket,Clothing,4,3786,18,12418.08,North,Cash on Delivery
119,2025-02-12 23:52:47.567567,Jacket,Clothing,3,4486,9,12246.78,South,Debit Card
120,2025-02-13 08:37:28.648648,Watch,Accessories,2,3822,12,6726.72,North,Credit Card
121,2025-02-13 17:22:09.729729,Perfume,Beauty,4,755,28,2174.4,East,UPI
122,2025-02-14 02:06:50.810810,Watch,Accessories,1,2296,27,1676.08,South,UPI
123,2025-02-14 10:51:31.891891,T-Shirt,Clothing,1,1123,0,1123.0,South,UPI
124,2025-02-14 19:36:12.972972,Jacket,Clothing,2,3927,12,6911.52,West,UPI
125,2025-02-15 04:20:54.054054,Dress,Clothing,4,3233,20,10345.6,East,Cash on Delivery
126,2025-02-15 13:05:35.135135,Dress,Clothing,4,1550,18,5084.0,West,UPI
127,2025-02-15 21:50:16.216216,Jeans,Clothing,3,1556,16,3921.12,South,Debit Card
128,2025-02-16 06:34:57.297297,T-Shirt,Clothing,1,3937,21,3110.23,East,Cash on Delivery
129,2025-02-16 15:19:38.378378,Watch,Accessories,1,1653,15,1405.05,West,Credit Card
130,2025-02-17 00:04:19.459459,Backpack,Accessories,4,4768,7,17736.96,South,Cash on Delivery
131,2025-02-17 08:49:00.540540,Hoodie,Clothing,2,4019,25,6028.5,West,Credit Card
132,2025-02-17 17:33:41.621621,Dress,Clothing,1,4075,26,3015.5,South,Debit Card
133,2025-02-18 02:18:22.702702,T-Shirt,Clothing,1,2808,27,2049.84,West,UPI
134,2025-02-18 11:03:03.783783,Sneakers,Footwear,1,4785,17,3971.55,East,Cash on Delivery
135,2025-02-18 19:47:44.864864,Dress,Clothing,3,2244,1,6664.68,South,Cash on Delivery
136,2025-02-19 04:32:25.945945,Jeans,Clothing,3,1315,0,3945.0,South,UPI
137,2025-02-19 13:17:07.027027,Jeans,Clothing,4,4458,24,13552.32,South,Debit Card
138,2025-02-19 22:01:48.108108,T-Shirt,Clothing,1,4300,1,4257.0,North,Debit Card
139,2025-02-20 06:46:29.189189,T-Shirt,Clothing,1,4913,27,3586.49,North,UPI
140,2025-02-20 15:31:10.270270,Dress,Clothing,2,1760,22,2745.6,North,UPI
141,2025-02-21 00:15:51.351351,Dress,Clothing,2,4478,16,7523.04,North,Credit Card
142,2025-02-21 09:00:32.432432,Sunglasses,Accessories,2,2348,18,3850.72,North,UPI
143,2025-02-21 17:45:13.513513,Hoodie,Clothing,2,4844,16,8137.92,West,Cash on Delivery
144,2025-02-22 02:29:54.594594,Jeans,Clothing,4,1874,25,5622.0,South,Credit Card
145,2025-02-22 11:14:35.675675,Jacket,Clothing,2,1070,26,1583.6,South,Cash on Delivery
146,2025-02-22 19:59:16.756756,T-Shirt,Clothing,2,535,4,1027.2,South,Credit Card
147,2025-02-23 04:43:57.837837,Sunglasses,Accessories,1,3114,14,2678.04,East,Debit Card
148,2025-02-23 13:28:38.918918,Dress,Clothing,1,4281,1,4238.19,East,Debit Card
149,2025-02-23 22:13:20.000000,Watch,Accessories,2,1629,1,3225.42,South,Credit Card
150,2025-02-24 06:58:01.081081,Sneakers,Footwear,3,2317,19,5630.31,North,Credit Card
151,2025-02-24 15:42:42.162162,T-Shirt,Clothing,4,1658,27,4841.36,South,Debit Card
152,2025-02-25 00:27:23.243243,Perfume,Beauty,3,2428,4,6992.64,North,Cash on Delivery
153,2025-02-25 09:12:04.324324,Perfume,Beauty,4,3772,9,13730.08,North,Cash on Delivery
154,2025-02-25 17:56:45.405405,Hoodie,Clothing,4,4464,1,17677.44,South,UPI
155,2025-02-26 02:41:26.486486,Jeans,Clothing,1,4118,10,3706.2,West,Debit Card
156,2025-02-26 11:26:07.567567,Sneakers,Footwear,3,1060,22,2480.4,East,Cash on Delivery
157,2025-02-26 20:10:48.648648,Jacket,Clothing,4,1199,7,4460.28,West,Cash on Delivery
158,2025-02-27 04:55:29.729729,Sunglasses,Accessories,3,2187,2,6429.78,East,UPI
159,2025-02-27 13:40:10.810810,Jeans,Clothing,1,3422,18,2806.04,North,UPI
160,2025-02-27 22:24:51.891891,Jeans,Clothing,4,4200,21,13272.0,North,Credit Card
161,2025-02-28 07:09:32.972972,T-Shirt,Clothing,1,823,25,617.25,South,Credit Card
162,2025-02-28 15:54:14.054054,T-Shirt,Clothing,2,2053,12,3613.28,East,UPI
163,2025-03-01 00:38:55.135135,Perfume,Beauty,1,2561,14,2202.46,West,Credit Card
164,2025-03-01 09:23:36.216216,T-Shirt,Clothing,2,2355,16,3956.4,East,UPI
165,2025-03-01 18:08:17.297297,Hoodie,Clothing,3,602,30,1264.2,West,Credit Card
166,2025-03-02 02:52:58.378378,Perfume,Beauty,4,2425,23,7469.0,South,UPI
167,2025-03-02 11:37:39.459459,Perfume,Beauty,2,1946,22,3035.76,South,Debit Card
168,2025-03-02 20:22:20.540540,Jeans,Clothing,2,2206,14,3794.32,West,UPI
169,2025-03-03 05:07:01.621621,Watch,Accessories,1,2375,9,2161.25,East,UPI
170,2025-03-03 13:51:42.702702,T-Shirt,Clothing,3,425,11,1134.75,North,UPI
171,2025-03-03 22:36:23.783783,Hoodie,Clothing,1,1903,9,1731.73,East,UPI
172,2025-03-04 07:21:04.864864,Jeans,Clothing,3,4506,21,10679.22,South,Debit Card
173,2025-03-04 16:05:45.945945,Backpack,Accessories,4,2772,4,10644.48,South,Cash on Delivery
174,2025-03-05 00:50:27.027027,Perfume,Beauty,4,2061,26,6100.56,West,Debit Card
175,2025-03-05 09:35:08.108108,Jacket,Clothing,1,3748,0,3748.0,North,Credit Card
176,2025-03-05 18:19:49.189189,Dress,Clothing,2,1905,22,2971.8,West,Cash on Delivery
177,2025-03-06 03:04:30.270270,Backpack,Accessories,3,1460,22,3416.4,East,Debit Card
178,2025-03-06 11:49:11.351351,Backpack,Accessories,1,2895,23,2229.15,East,Credit Card
179,2025-03-06 20:33:52.432432,Jeans,Clothing,4,4470,3,17343.6,East,Credit Card
180,2025-03-07 05:18:33.513513,Jacket,Clothing,1,2851,5,2708.45,East,Credit Card
181,2025-03-07 14:03:14.594594,Sunglasses,Accessories,2,1146,10,2062.8,West,Credit Card
182,2025-03-07 22:47:55.675675,Sneakers,Footwear,1,1441,3,1397.77,East,Cash on Delivery
183,2025-03-08 07:32:36.756756,T-Shirt,Clothing,4,4508,11,16048.48,East,UPI
184,2025-03-08 16:17:17.837837,Perfume,Beauty,2,4715,5,8958.5,North,Credit Card
185,2025-03-09 01:01:58.918918,Hoodie,Clothing,1,2326,2,2279.48,North,Credit Card
186,2025-03-09 09:46:40.000000,Jeans,Clothing,4,309,4,1186.56,East,Credit Card
187,2025-03-09 18:31:21.081081,Jeans,Clothing,1,4013,19,3250.53,North,Debit Card
188,2025-03-10 03:16:02.162162,Dress,Clothing,1,3132,8,2881.44,East,Debit Card
189,2025-03-10 12:00:43.243243,Backpack,Accessories,2,2338,2,4582.48,South,Debit Card
190,2025-03-10 20:45:24.324324,T-Shirt,Clothing,1,4327,11,3851.03,South,Credit Card
191,2025-03-11 05:30:05.405405,Dress,Clothing,4,3830,8,14094.4,South,Cash on Delivery
192,2025-03-11 14:14:46.486486,Sneakers,Footwear,3,2860,7,7979.4,West,Credit Card
193,2025-03-11 22:59:27.567567,Backpack,Accessories,3,1172,4,3375.36,South,Cash on Delivery
194,2025-03-12 07:44:08.648648,Sneakers,Footwear,1,3198,26,2366.52,South,Credit Card
195,2025-03-12 16:28:49.729729,Hoodie,Clothing,1,1365,24,1037.4,South,Cash on Delivery
196,2025-03-13 01:13:30.810810,Backpack,Accessories,3,3897,18,9586.62,North,Credit Card
197,2025-03-13 09:58:11.891891,T-Shirt,Clothing,3,4970,14,12822.6,North,UPI
198,2025-03-13 18:42:52.972972,T-Shirt,Clothing,1,3354,22,2616.12,South,Credit Card
199,2025-03-14 03:27:34.054054,Dress,Clothing,4,2451,18,8039.28,East,Debit Card
200,2025-03-14 12:12:15.135135,Jacket,Clothing,2,2926,6,5500.88,East,Cash on Delivery
201,2025-03-14 20:56:56.216216,Perfume,Beauty,4,2335,29,6631.4,East,Debit Card
202,2025-03-15 05:41:37.297297,Hoodie,Clothing,1,2897,24,2201.72,North,UPI
203,2025-03-15 14:26:18.378378,Dress,Clothing,3,1250,0,3750.0,South,Cash on Delivery
204,2025-03-15 23:10:59.459459,Jacket,Clothing,2,4912,26,7269.76,South,UPI
205,2025-03-16 07:55:40.540540,Jacket,Clothing,2,3528,7,6562.08,North,UPI
206,2025-03-16 16:40:21.621621,Hoodie,Clothing,4,4056,1,16061.76,East,Debit Card
207,2025-03-17 01:25:02.702702,Sneakers,Footwear,3,2255,3,6562.05,South,Debit Card
208,2025-03-17 10:09:43.783783,Dress,Clothing,4,4406,29,12513.04,South,Cash on Delivery
209,2025-03-17 18:54:24.864864,Jacket,Clothing,2,1114,25,1671.0,South,Debit Card
210,2025-03-18 03:39:05.945945,Perfume,Beauty,1,3305,17,2743.15,North,UPI
211,2025-03-18 12:23:47.027027,Backpack,Accessories,4,3030,11,10786.8,West,Cash on Delivery
212,2025-03-18 21:08:28.108108,Hoodie,Clothing,1,3235,4,3105.6,West,Debit Card
213,2025-03-19 05:53:09.189189,Perfume,Beauty,1,903,30,632.1,South,UPI
214,2025-03-19 14:37:50.270270,Jacket,Clothing,3,3833,7,10694.07,North,Credit Card
215,2025-03-19 23:22:31.351351,Watch,Accessories,1,3161,4,3034.56,North,Credit Card
216,2025-03-20 08:07:12.432432,Hoodie,Clothing,2,3330,24,5061.6,North,Debit Card
217,2025-03-20 16:51:53.513513,Jacket,Clothing,3,3008,14,7760.64,North,UPI
218,2025-03-21 01:36:34.594594,Sunglasses,Accessories,2,3807,24,5786.64,North,Credit Card
219,2025-03-21 10:21:15.675675,Sunglasses,Accessories,3,874,19,2123.82,North,Credit Card
220,2025-03-21 19:05:56.756756,Jacket,Clothing,2,3581,26,5299.88,South,Debit Card
221,2025-03-22 03:50:37.837837,T-Shirt,Clothing,4,1254,11,4464.24,East,Debit Card
222,2025-03-22 12:35:18.918918,Jacket,Clothing,4,4420,6,16619.2,West,Credit Card
223,2025-03-22 21:20:00.000000,Dress,Clothing,4,4680,30,13104.0,East,Credit Card
224,2025-03-23 06:04:41.081081,Perfume,Beauty,4,3420,6,12859.2,North,Cash on Delivery
225,2025-03-23 14:49:22.162162,Sunglasses,Accessories,1,4543,21,3588.97,South,Cash on Delivery
226,2025-03-23 23:34:03.243243,Backpack,Accessories,1,4722,0,4722.0,West,UPI
227,2025-03-24 08:18:44.324324,Watch,Accessories,3,1251,18,3077.46,South,Cash on Delivery
228,2025-03-24 17:03:25.405405,T-Shirt,Clothing,1,1800,29,1278.0,West,Cash on Delivery
229,2025-03-25 01:48:06.486486,Sneakers,Footwear,2,1068,13,1858.32,East,Debit Card
230,2025-03-25 10:32:47.567567,Jeans,Clothing,2,2461,29,3494.62,South,Debit Card
231,2025-03-25 19:17:28.648648,Hoodie,Clothing,1,3635,28,2617.2,East,Debit Card
232,2025-03-26 04:02:09.729729,Sneakers,Footwear,4,1781,18,5841.68,South,Credit Card
233,2025-03-26 12:46:50.810810,T-Shirt,Clothing,3,354,27,775.26,West,Credit Card
234,2025-03-26 21:31:31.891891,Watch,Accessories,1,3379,0,3379.0,North,Debit Card
235,2025-03-27 06:16:12.972972,Sneakers,Footwear,4,2790,30,7812.0,North,Cash on Delivery
236,2025-03-27 15:00:54.054054,Jacket,Clothing,1,3610,4,3465.6,East,Debit Card
237,2025-03-27 23:45:35.135135,T-Shirt,Clothing,4,3354,7,12476.88,South,Debit Card
238,2025-03-28 08:30:16.216216,Backpack,Accessories,2,1611,23,2480.94,South,Debit Card
239,2025-03-28 17:14:57.297297,Hoodie,Clothing,4,464,21,1466.24,North,Credit Card
240,2025-03-29 01:59:38.378378,Watch,Accessories,4,4725,6,17766.0,North,Debit Card
241,2025-03-29 10:44:19.459459,Dress,Clothing,3,3995,28,8629.2,East,Cash on Delivery
242,2025-03-29 19:29:00.540540,Jeans,Clothing,2,2220,14,3818.4,North,Cash on Delivery
243,2025-03-30 04:13:41.621621,Perfume,Beauty,3,1709,2,5024.46,East,Debit Card
244,2025-03-30 12:58:22.702702,Hoodie,Clothing,1,1104,5,1048.8,West,Credit Card
245,2025-03-30 21:43:03.783783,Sunglasses,Accessories,2,3877,21,6125.66,West,Cash on Delivery
246,2025-03-31 06:27:44.864864,T-Shirt,Clothing,2,2979,26,4408.92,South,Debit Card
247,2025-03-31 15:12:25.945945,T-Shirt,Clothing,2,3486,16,5856.48,South,UPI
248,2025-03-31 23:57:07.027027,Backpack,Accessories,2,536,24,814.72,East,UPI
249,2025-04-01 08:41:48.108108,Jacket,Clothing,2,2841,3,5511.54,South,Credit Card
250,2025-04-01 17:26:29.189189,Jeans,Clothing,3,1104,10,2980.8,South,Credit Card
251,2025-04-02 02:11:10.270270,Dress,Clothing,2,340,5,646.0,South,UPI
252,2025-04-02 10:55:51.351351,Dress,Clothing,1,4983,22,3886.74,North,Credit Card
253,2025-04-02 19:40:32.432432,Jacket,Clothing,1,2374,24,1804.24,East,Credit Card
254,2025-04-03 04:25:13.513513,Backpack,Accessories,2,754,9,1372.28,North,UPI
255,2025-04-03 13:09:54.594594,Perfume,Beauty,1,2981,13,2593.47,West,Credit Card
256,2025-04-03 21:54:35.675675,Jacket,Clothing,3,4076,18,10026.96,North,Cash on Delivery
257,2025-04-04 06:39:16.756756,Sneakers,Footwear,2,4424,20,7078.4,East,Cash on Delivery
258,2025-04-04 15:23:57.837837,Hoodie,Clothing,1,486,6,456.84,West,Debit Card
259,2025-04-05 00:08:38.918918,Jacket,Clothing,2,4450,14,7654.0,West,Credit Card
260,2025-04-05 08:53:20.000000,Jacket,Clothing,1,2085,3,2022.45,East,Cash on Delivery
261,2025-04-05 17:38:01.081081,Sneakers,Footwear,3,4220,29,8988.6,East,UPI
262,2025-04-06 02:22:42.162162,Jeans,Clothing,1,453,1,448.47,North,UPI
263,2025-04-06 11:07:23.243243,Sunglasses,Accessories,4,1540,28,4435.2,East,Cash on Delivery
264,2025-04-06 19:52:04.324324,Perfume,Beauty,1,4526,17,3756.58,North,Cash on Delivery
265,2025-04-07 04:36:45.405405,Sneakers,Footwear,2,4497,1,8904.06,West,Debit Card
266,2025-04-07 13:21:26.486486,Dress,Clothing,4,4390,16,14750.4,North,UPI
267,2025-04-07 22:06:07.567567,Perfume,Beauty,1,4194,16,3522.96,East,Cash on Delivery
268,2025-04-08 06:50:48.648648,Backpack,Accessories,3,4362,20,10468.8,North,Debit Card
269,2025-04-08 15:35:29.729729,Dress,Clothing,2,1009,7,1876.74,North,Credit Card
270,2025-04-09 00:20:10.810810,Sunglasses,Accessories,4,4026,26,11916.96,South,UPI
271,2025-04-09 09:04:51.891891,Perfume,Beauty,3,3659,9,9989.07,West,Debit Card
272,2025-04-09 17:49:32.972972,T-Shirt,Clothing,3,3457,25,7778.25,East,Credit Card
273,2025-04-10 02:34:14.054054,Dress,Clothing,3,4532,18,11148.72,West,Cash on Delivery
274,2025-04-10 11:18:55.135135,Jeans,Clothing,3,1800,17,4482.0,East,Credit Card
275,2025-04-10 20:03:36.216216,Hoodie,Clothing,3,3342,17,8321.58,East,Credit Card
276,2025-04-11 04:48:17.297297,Watch,Accessories,1,1482,23,1141.14,East,Cash on Delivery
277,2025-04-11 13:32:58.378378,Jeans,Clothing,3,3283,25,7386.75,East,Debit Card
278,2025-04-11 22:17:39.459459,Watch,Accessories,3,4259,16,10732.68,West,UPI
279,2025-04-12 07:02:20.540540,Jacket,Clothing,1,3069,0,3069.0,West,UPI
280,2025-04-12 15:47:01.621621,Perfume,Beauty,4,3821,22,11921.52,East,Credit Card
281,2025-04-13 00:31:42.702702,Jeans,Clothing,2,4646,22,7247.76,North,UPI
282,2025-04-13 09:16:23.783783,Jeans,Clothing,4,4110,26,12165.6,East,Credit Card
283,2025-04-13 18:01:04.864864,Hoodie,Clothing,1,2332,28,1679.04,South,UPI
284,2025-04-14 02:45:45.945945,Sunglasses,Accessories,4,3811,11,13567.16,East,UPI
285,2025-04-14 11:30:27.027027,Perfume,Beauty,2,1220,30,1708.0,East,Cash on Delivery
286,2025-04-14 20:15:08.108108,Dress,Clothing,1,4060,2,3978.8,North,Credit Card
287,2025-04-15 04:59:49.189189,Backpack,Accessories,2,2333,3,4526.02,South,Credit Card
288,2025-04-15 13:44:30.270270,Dress,Clothing,1,731,0,731.0,North,Credit Card
289,2025-04-15 22:29:11.351351,Sunglasses,Accessories,3,1263,11,3372.21,East,Credit Card
290,2025-04-16 07:13:52.432432,Dress,Clothing,1,4368,10,3931.2,West,Credit Card
291,2025-04-16 15:58:33.513513,Watch,Accessories,4,3715,10,13374.0,South,UPI
292,2025-04-17 00:43:14.594594,Jeans,Clothing,1,1184,18,970.88,North,Credit Card
293,2025-04-17 09:27:55.675675,Perfume,Beauty,3,4621,24,10535.88,South,UPI
294,2025-04-17 18:12:36.756756,T-Shirt,Clothing,2,4145,4,7958.4,North,Credit Card
295,2025-04-18 02:57:17.837837,Watch,Accessories,1,3470,19,2810.7,South,UPI
296,2025-04-18 11:41:58.918918,Perfume,Beauty,3,3037,17,7562.13,South,UPI
297,2025-04-18 20:26:40.000000,Backpack,Accessories,3,4555,2,13391.7,South,UPI
298,2025-04-19 05:11:21.081081,Backpack,Accessories,1,2330,24,1770.8,North,Cash on Delivery
299,2025-04-19 13:56:02.162162,Dress,Clothing,2,1590,8,2925.6,West,Debit Card
300,2025-04-19 22:40:43.243243,Sunglasses,Accessories,3,1655,9,4518.15,North,Debit Card
301,2025-04-20 07:25:24.324324,Backpack,Accessories,1,1718,26,1271.32,South,Cash on Delivery
302,2025-04-20 16:10:05.405405,Jacket,Clothing,4,4272,15,14524.8,South,Credit Card
303,2025-04-21 00:54:46.486486,Jacket,Clothing,1,3687,15,3133.95,North,Cash on Delivery
304,2025-04-21 09:39:27.567567,Dress,Clothing,1,4988,17,4140.04,West,UPI
305,2025-04-21 18:24:08.648648,Sneakers,Footwear,2,1891,7,3517.26,South,Cash on Delivery
306,2025-04-22 03:08:49.729729,T-Shirt,Clothing,2,4611,18,7562.04,West,Cash on Delivery
307,2025-04-22 11:53:30.810810,T-Shirt,Clothing,3,2004,12,5290.56,East,UPI
308,2025-04-22 20:38:11.891891,Sunglasses,Accessories,1,4751,30,3325.7,East,Credit Card
309,2025-04-23 05:22:52.972972,Watch,Accessories,1,856,25,642.0,North,Debit Card
310,2025-04-23 14:07:34.054054,Watch,Accessories,2,3019,10,5434.2,North,Credit Card
311,2025-04-23 22:52:15.135135,Watch,Accessories,3,2429,3,7068.39,South,Credit Card
312,2025-04-24 07:36:56.216216,Watch,Accessories,2,3417,26,5057.16,North,UPI
313,2025-04-24 16:21:37.297297,T-Shirt,Clothing,4,4843,23,14916.44,North,Debit Card
314,2025-04-25 01:06:18.378378,Jacket,Clothing,3,3826,9,10444.98,North,Cash on Delivery
315,2025-04-25 09:50:59.459459,Jeans,Clothing,3,1735,27,3799.65,East,Credit Card
316,2025-04-25 18:35:40.540540,Dress,Clothing,1,577,3,559.69,West,Cash on Delivery
317,2025-04-26 03:20:21.621621,Hoodie,Clothing,2,1340,11,2385.2,South,UPI
318,2025-04-26 12:05:02.702702,Perfume,Beauty,2,3052,21,4822.16,South,Cash on Delivery
319,2025-04-26 20:49:43.783783,Jeans,Clothing,2,986,28,1419.84,West,Cash on Delivery
320,2025-04-27 05:34:24.864864,Sneakers,Footwear,4,2728,11,9711.68,East,UPI
321,2025-04-27 14:19:05.945945,T-Shirt,Clothing,2,4299,18,7050.36,East,Credit Card
322,2025-04-27 23:03:47.027027,Watch,Accessories,2,3853,13,6704.22,South,UPI
323,2025-04-28 07:48:28.108108,Hoodie,Clothing,1,338,14,290.68,East,UPI
324,2025-04-28 16:33:09.189189,Hoodie,Clothing,4,3501,14,12043.44,South,Cash on Delivery
325,2025-04-29 01:17:50.270270,Jacket,Clothing,3,4078,16,10276.56,South,Cash on Delivery
326,2025-04-29 10:02:31.351351,Backpack,Accessories,4,1288,20,4121.6,East,Cash on Delivery
327,2025-04-29 18:47:12.432432,Dress,Clothing,3,4479,5,12765.15,East,UPI
328,2025-04-30 03:31:53.513513,Dress,Clothing,3,4965,27,10873.35,South,Debit Card
329,2025-04-30 12:16:34.594594,Jeans,Clothing,1,2155,16,1810.2,North,Cash on Delivery
330,2025-04-30 21:01:15.675675,Jeans,Clothing,3,2555,26,5672.1,West,Cash on Delivery
331,2025-05-01 05:45:56.756756,Sunglasses,Accessories,1,3976,20,3180.8,West,Debit Card
332,2025-05-01 14:30:37.837837,Jeans,Clothing,4,4744,11,16888.64,North,Cash on Delivery
333,2025-05-01 23:15:18.918918,Perfume,Beauty,3,826,24,1883.28,South,Credit Card
334,2025-05-02 08:00:00.000000,Watch,Accessories,1,4265,11,3795.85,West,Cash on Delivery
335,2025-05-02 16:44:41.081081,Sunglasses,Accessories,2,1316,27,1921.36,East,Credit Card
336,2025-05-03 01:29:22.162162,Jacket,Clothing,1,416,1,411.84,West,Cash on Delivery
337,2025-05-03 10:14:03.243243,T-Shirt,Clothing,4,4160,17,13811.2,South,Cash on Delivery
338,2025-05-03 18:58:44.324324,Jeans,Clothing,2,3866,30,5412.4,South,Cash on Delivery
339,2025-05-04 03:43:25.405405,Sunglasses,Accessories,1,2343,5,2225.85,North,Cash on Delivery
340,2025-05-04 12:28:06.486486,Jacket,Clothing,3,1876,16,4727.52,West,UPI
341,2025-05-04 21:12:47.567567,Jacket,Clothing,2,3020,9,5496.4,West,Cash on Delivery
342,2025-05-05 05:57:28.648648,Jeans,Clothing,4,301,0,1204.0,North,UPI
343,2025-05-05 14:42:09.729729,T-Shirt,Clothing,1,1217,6,1143.98,South,Credit Card
344,2025-05-05 23:26:50.810810,Watch,Accessories,2,2009,25,3013.5,South,Debit Card
345,2025-05-06 08:11:31.891891,Jeans,Clothing,2,1186,11,2111.08,North,Cash on Delivery
346,2025-05-06 16:56:12.972972,Sneakers,Footwear,3,2225,8,6141.0,South,UPI
347,2025-05-07 01:40:54.054054,Watch,Accessories,3,1739,8,4799.64,South,Cash on Delivery
348,2025-05-07 10:25:35.135135,Backpack,Accessories,4,2013,27,5877.96,South,Cash on Delivery
349,2025-05-07 19:10:16.216216,Watch,Accessories,3,507,3,1475.37,South,Credit Card
350,2025-05-08 03:54:57.297297,Jacket,Clothing,2,1194,2,2340.24,East,UPI
351,2025-05-08 12:39:38.378378,Perfume,Beauty,2,2434,11,4332.52,North,UPI
352,2025-05-08 21:24:19.459459,Sneakers,Footwear,2,3938,13,6852.12,West,UPI
353,2025-05-09 06:09:00.540540,Backpack,Accessories,1,4002,20,3201.6,East,Cash on Delivery
354,2025-05-09 14:53:41.621621,Sneakers,Footwear,4,3965,5,15067.0,South,Debit Card
355,2025-05-09 23:38:22.702702,Jacket,Clothing,1,611,8,562.12,East,Debit Card
356,2025-05-10 08:23:03.783783,Perfume,Beauty,3,4430,28,9568.8,North,Credit Card
357,2025-05-10 17:07:44.864864,T-Shirt,Clothing,3,4188,29,8920.44,North,Debit Card
358,2025-05-11 01:52:25.945945,Perfume,Beauty,1,2371,19,1920.51,North,Cash on Delivery
359,2025-05-11 10:37:07.027027,Hoodie,Clothing,4,2012,18,6599.36,West,UPI
360,2025-05-11 19:21:48.108108,Hoodie,Clothing,2,4111,1,8139.78,East,Credit Card
361,2025-05-12 04:06:29.189189,Hoodie,Clothing,2,4690,9,8535.8,East,Debit Card
362,2025-05-12 12:51:10.270270,Perfume,Beauty,2,4014,12,7064.64,South,Cash on Delivery
363,2025-05-12 21:35:51.351351,Dress,Clothing,3,3214,25,7231.5,West,Cash on Delivery
364,2025-05-13 06:20:32.432432,Watch,Accessories,2,1239,13,2155.86,South,Credit Card
365,2025-05-13 15:05:13.513513,Watch,Accessories,1,4305,12,3788.4,North,Credit Card
366,2025-05-13 23:49:54.594594,Jacket,Clothing,4,4776,14,16429.44,South,Cash on Delivery
367,2025-05-14 08:34:35.675675,Watch,Accessories,1,3455,1,3420.45,East,Credit Card
368,2025-05-14 17:19:16.756756,T-Shirt,Clothing,3,4228,24,9639.84,West,Credit Card
369,2025-05-15 02:03:57.837837,Sneakers,Footwear,1,4656,30,3259.2,North,Cash on Delivery
370,2025-05-15 10:48:38.918918,Backpack,Accessories,4,4696,22,14651.52,East,Debit Card
371,2025-05-15 19:33:20.000000,Perfume,Beauty,3,929,13,2424.69,West,Credit Card
372,2025-05-16 04:18:01.081081,Perfume,Beauty,4,3732,0,14928.0,North,Cash on Delivery
373,2025-05-16 13:02:42.162162,Backpack,Accessories,3,2660,21,6304.2,West,Cash on Delivery
374,2025-05-16 21:47:23.243243,Sunglasses,Accessories,3,3034,4,8737.92,West,UPI
375,2025-05-17 06:32:04.324324,T-Shirt,Clothing,1,1955,11,1739.95,West,Cash on Delivery
376,2025-05-17 15:16:45.405405,Jacket,Clothing,4,1574,28,4533.12,West,Credit Card
377,2025-05-18 00:01:26.486486,Jeans,Clothing,1,1616,19,1308.96,South,UPI
378,2025-05-18 08:46:07.567567,T-Shirt,Clothing,3,1358,5,3870.3,North,UPI
379,2025-05-18 17:30:48.648648,Dress,Clothing,1,1308,18,1072.56,South,Cash on Delivery
380,2025-05-19 02:15:29.729729,Perfume,Beauty,4,3040,17,10092.8,West,Debit Card
381,2025-05-19 11:00:10.810810,Jeans,Clothing,1,4168,24,3167.68,East,Debit Card
382,2025-05-19 19:44:51.891891,Backpack,Accessories,3,3549,22,8304.66,West,Credit Card
383,2025-05-20 04:29:32.972972,Hoodie,Clothing,3,4703,15,11992.65,South,Credit Card
384,2025-05-20 13:14:14.054054,Watch,Accessories,4,2333,20,7465.6,North,Debit Card
385,2025-05-20 21:58:55.135135,Backpack,Accessories,1,4912,14,4224.32,South,Debit Card
386,2025-05-21 06:43:36.216216,Jeans,Clothing,1,2774,9,2524.34,South,Credit Card
387,2025-05-21 15:28:17.297297,Jeans,Clothing,1,4019,14,3456.34,West,UPI
388,2025-05-22 00:12:58.378378,Backpack,Accessories,1,3372,18,2765.04,East,Cash on Delivery
389,2025-05-22 08:57:39.459459,Dress,Clothing,4,2708,25,8124.0,South,Cash on Delivery
390,2025-05-22 17:42:20.540540,Jeans,Clothing,2,1003,5,1905.7,East,UPI
391,2025-05-23 02:27:01.621621,T-Shirt,Clothing,1,2932,20,2345.6,North,Debit Card
392,2025-05-23 11:11:42.702702,Sunglasses,Accessories,3,1647,1,4891.59,North,Credit Card
393,2025-05-23 19:56:23.783783,Hoodie,Clothing,2,4414,5,8386.6,South,Credit Card
394,2025-05-24 04:41:04.864864,Sunglasses,Accessories,3,1150,12,3036.0,East,UPI
395,2025-05-24 13:25:45.945945,Backpack,Accessories,2,1121,6,2107.48,North,UPI
396,2025-05-24 22:10:27.027027,T-Shirt,Clothing,4,4389,6,16502.64,East,UPI
397,2025-05-25 06:55:08.108108,Sneakers,Footwear,4,1740,16,5846.4,West,UPI
398,2025-05-25 15:39:49.189189,Sneakers,Footwear,4,3638,2,14260.96,West,Credit Card
399,2025-05-26 00:24:30.270270,Perfume,Beauty,2,3289,8,6051.76,East,UPI
400,2025-05-26 09:09:11.351351,Perfume,Beauty,4,3163,1,12525.48,South,Cash on Delivery
401,2025-05-26 17:53:52.432432,Dress,Clothing,1,1477,24,1122.52,West,UPI
402,2025-05-27 02:38:33.513513,Jeans,Clothing,4,3664,14,12604.16,West,Cash on Delivery
403,2025-05-27 11:23:14.594594,Watch,Accessories,2,2845,11,5064.1,East,Debit Card
404,2025-05-27 20:07:55.675675,Dress,Clothing,3,1314,15,3350.7,East,UPI
405,2025-05-28 04:52:36.756756,Sunglasses,Accessories,4,1014,18,3325.92,East,Cash on Delivery
406,2025-05-28 13:37:17.837837,Dress,Clothing,1,4865,18,3989.3,South,Credit Card
407,2025-05-28 22:21:58.918918,Hoodie,Clothing,4,672,19,2177.28,South,Debit Card
408,2025-05-29 07:06:40.000000,Sneakers,Footwear,4,405,3,1571.4,South,Credit Card
409,2025-05-29 15:51:21.081081,Jeans,Clothing,1,2936,3,2847.92,South,UPI
410,2025-05-30 00:36:02.162162,Watch,Accessories,3,3479,9,9497.67,East,UPI
411,2025-05-30 09:20:43.243243,Watch,Accessories,3,2659,16,6700.68,South,UPI
412,2025-05-30 18:05:24.324324,Perfume,Beauty,4,335,19,1085.4,West,Credit Card
413,2025-05-31 02:50:05.405405,Watch,Accessories,2,1708,11,3040.24,West,UPI
414,2025-05-31 11:34:46.486486,Perfume,Beauty,3,3238,12,8548.32,East,Credit Card
415,2025-05-31 20:19:27.567567,Jacket,Clothing,1,1543,8,1419.56,South,UPI
416,2025-06-01 05:04:08.648648,Perfume,Beauty,4,2725,24,8284.0,North,Credit Card
417,2025-06-01 13:48:49.729729,Backpack,Accessories,4,1372,25,4116.0,East,UPI
418,2025-06-01 22:33:30.810810,Hoodie,Clothing,2,3983,27,5815.18,East,Credit Card
419,2025-06-02 07:18:11.891891,Sunglasses,Accessories,2,3340,22,5210.4,South,UPI
420,2025-06-02 16:02:52.972972,T-Shirt,Clothing,3,3479,1,10332.63,North,Debit Card
421,2025-06-03 00:47:34.054054,Dress,Clothing,1,961,15,816.85,North,Debit Card
422,2025-06-03 09:32:15.135135,Sneakers,Footwear,4,1846,9,6719.44,North,Credit Card
423,2025-06-03 18:16:56.216216,Sunglasses,Accessories,2,1069,2,2095.24,East,UPI
424,2025-06-04 03:01:37.297297,Jeans,Clothing,3,1877,21,4448.49,North,Debit Card
425,2025-06-04 11:46:18.378378,Sunglasses,Accessories,1,3651,27,2665.23,South,Debit Card
426,2025-06-04 20:30:59.459459,Hoodie,Clothing,2,1425,9,2593.5,West,Debit Card
427,2025-06-05 05:15:40.540540,Hoodie,Clothing,4,4748,3,18422.24,East,UPI
428,2025-06-05 14:00:21.621621,Backpack,Accessories,1,2214,5,2103.3,North,Debit Card
429,2025-06-05 22:45:02.702702,Hoodie,Clothing,1,4013,27,2929.49,North,Cash on Delivery
430,2025-06-06 07:29:43.783783,Dress,Clothing,4,2035,17,6756.2,East,Credit Card
431,2025-06-06 16:14:24.864864,Perfume,Beauty,3,641,5,1826.85,South,Debit Card
432,2025-06-07 00:59:05.945945,Jeans,Clothing,2,1532,2,3002.72,South,Debit Card
433,2025-06-07 09:43:47.027027,Hoodie,Clothing,4,961,11,3421.16,South,Cash on Delivery
434,2025-06-07 18:28:28.108108,Dress,Clothing,1,2634,14,2265.24,North,Debit Card
435,2025-06-08 03:13:09.189189,Perfume,Beauty,2,932,22,1453.92,West,Cash on Delivery
436,2025-06-08 11:57:50.270270,T-Shirt,Clothing,4,2231,7,8299.32,West,Debit Card
437,2025-06-08 20:42:31.351351,Watch,Accessories,4,1840,19,5961.6,West,Cash on Delivery
438,2025-06-09 05:27:12.432432,T-Shirt,Clothing,1,585,20,468.0,West,Credit Card
439,2025-06-09 14:11:53.513513,Jacket,Clothing,2,4851,6,9119.88,West,UPI
440,2025-06-09 22:56:34.594594,Dress,Clothing,4,2807,5,10666.6,West,Credit Card
441,2025-06-10 07:41:15.675675,Hoodie,Clothing,1,1901,8,1748.92,North,Credit Card
442,2025-06-10 16:25:56.756756,Sunglasses,Accessories,1,2796,10,2516.4,East,Cash on Delivery
443,2025-06-11 01:10:37.837837,Watch,Accessories,2,3567,17,5921.22,East,Credit Card
444,2025-06-11 09:55:18.918918,Sneakers,Footwear,2,2490,21,3934.2,West,UPI
445,2025-06-11 18:40:00.000000,Hoodie,Clothing,2,4407,14,7580.04,North,Credit Card
446,2025-06-12 03:24:41.081081,Jacket,Clothing,2,2126,29,3018.92,West,Credit Card
447,2025-06-12 12:09:22.162162,Jacket,Clothing,3,4219,6,11897.58,West,Credit Card
448,2025-06-12 20:54:03.243243,Sunglasses,Accessories,3,4525,2,13303.5,South,Credit Card
449,2025-06-13 05:38:44.324324,Hoodie,Clothing,2,4661,24,7084.72,South,UPI
450,2025-06-13 14:23:25.405405,Jacket,Clothing,1,4559,30,3191.3,South,UPI
451,2025-06-13 23:08:06.486486,Jacket,Clothing,2,3246,2,6362.16,North,Credit Card
452,2025-06-14 07:52:47.567567,Sunglasses,Accessories,1,2829,7,2630.97,North,Credit Card
453,2025-06-14 16:37:28.648648,Hoodie,Clothing,1,4523,27,3301.79,North,Debit Card
454,2025-06-15 01:22:09.729729,Hoodie,Clothing,2,3336,27,4870.56,East,Credit Card
455,2025-06-15 10:06:50.810810,Jeans,Clothing,4,3010,18,9872.8,East,Debit Card
456,2025-06-15 18:51:31.891891,Dress,Clothing,3,2253,9,6150.69,North,Credit Card
457,2025-06-16 03:36:12.972972,Jeans,Clothing,1,2250,23,1732.5,East,UPI
458,2025-06-16 12:20:54.054054,Watch,Accessories,3,4276,2,12571.44,North,UPI
459,2025-06-16 21:05:35.135135,Sneakers,Footwear,3,699,27,1530.81,North,Cash on Delivery
460,2025-06-17 05:50:16.216216,Hoodie,Clothing,3,2448,6,6903.36,West,Cash on Delivery
461,2025-06-17 14:34:57.297297,Hoodie,Clothing,4,4519,5,17172.2,East,Credit Card
462,2025-06-17 23:19:38.378378,Dress,Clothing,4,1067,28,3072.96,East,Debit Card
463,2025-06-18 08:04:19.459459,Jacket,Clothing,2,2064,28,2972.16,South,UPI
464,2025-06-18 16:49:00.540540,Watch,Accessories,2,2593,5,4926.7,East,UPI
465,2025-06-19 01:33:41.621621,Perfume,Beauty,3,1200,0,3600.0,North,UPI
466,2025-06-19 10:18:22.702702,Perfume,Beauty,2,2685,4,5155.2,North,Cash on Delivery
467,2025-06-19 19:03:03.783783,Hoodie,Clothing,1,3342,16,2807.28,West,Debit Card
468,2025-06-20 03:47:44.864864,Dress,Clothing,4,4578,20,14649.6,South,Credit Card
469,2025-06-20 12:32:25.945945,Hoodie,Clothing,2,4135,17,6864.1,West,Debit Card
470,2025-06-20 21:17:07.027027,Sunglasses,Accessories,1,1759,28,1266.48,South,Credit Card
471,2025-06-21 06:01:48.108108,Dress,Clothing,2,2744,16,4609.92,North,Cash on Delivery
472,2025-06-21 14:46:29.189189,T-Shirt,Clothing,4,692,8,2546.56,North,Credit Card
473,2025-06-21 23:31:10.270270,T-Shirt,Clothing,2,541,25,811.5,West,Cash on Delivery
474,2025-06-22 08:15:51.351351,Backpack,Accessories,1,1014,22,790.92,South,Cash on Delivery
475,2025-06-22 17:00:32.432432,Jacket,Clothing,4,378,16,1270.08,West,Debit Card
476,2025-06-23 01:45:13.513513,Backpack,Accessories,1,2448,7,2276.64,North,Cash on Delivery
477,2025-06-23 10:29:54.594594,Sunglasses,Accessories,3,3756,12,9915.84,East,Cash on Delivery
478,2025-06-23 19:14:35.675675,Sneakers,Footwear,4,3388,4,13009.92,West,UPI
479,2025-06-24 03:59:16.756756,Backpack,Accessories,2,2250,13,3915.0,West,Debit Card
480,2025-06-24 12:43:57.837837,Hoodie,Clothing,3,2846,27,6232.74,East,Debit Card
481,2025-06-24 21:28:38.918918,Perfume,Beauty,1,1072,29,761.12,South,Cash on Delivery
482,2025-06-25 06:13:20.000000,Backpack,Accessories,4,1873,14,6443.12,West,Cash on Delivery
483,2025-06-25 14:58:01.081081,T-Shirt,Clothing,3,4019,7,11213.01,North,UPI
484,2025-06-25 23:42:42.162162,Jeans,Clothing,3,3293,2,9681.42,North,Cash on Delivery
485,2025-06-26 08:27:23.243243,Hoodie,Clothing,2,1940,8,3569.6,North,Credit Card
486,2025-06-26 17:12:04.324324,Watch,Accessories,2,669,9,1217.58,North,Cash on Delivery
487,2025-06-27 01:56:45.405405,Backpack,Accessories,2,2721,12,4788.96,North,Cash on Delivery
488,2025-06-27 10:41:26.486486,Jeans,Clothing,3,821,14,2118.18,North,Cash on Delivery
489,2025-06-27 19:26:07.567567,Jeans,Clothing,3,4340,24,9895.2,West,Debit Card
490,2025-06-28 04:10:48.648648,Perfume,Beauty,1,3997,21,3157.63,West,Credit Card
491,2025-06-28 12:55:29.729729,Hoodie,Clothing,1,3543,18,2905.26,South,UPI
492,2025-06-28 21:40:10.810810,Backpack,Accessories,1,4366,25,3274.5,West,Credit Card
493,2025-06-29 06:24:51.891891,Watch,Accessories,3,2844,11,7593.48,North,Debit Card
494,2025-06-29 15:09:32.972972,Jeans,Clothing,1,3768,29,2675.28,North,Credit Card
495,2025-06-29 23:54:14.054054,Backpack,Accessories,2,946,22,1475.76,West,Cash on Delivery
496,2025-06-30 08:38:55.135135,Jacket,Clothing,2,4630,24,7037.6,South,Cash on Delivery
497,2025-06-30 17:23:36.216216,Jeans,Clothing,2,4608,14,7925.76,West,Debit Card
498,2025-07-01 02:08:17.297297,Jeans,Clothing,3,1786,18,4393.56,East,Cash on Delivery
499,2025-07-01 10:52:58.378378,Jacket,Clothing,3,2768,28,5978.88,North,Cash on Delivery
500,2025-07-01 19:37:39.459459,Sneakers,Footwear,3,1953,18,4804.38,East,UPI
501,2025-07-02 04:22:20.540540,Watch,Accessories,4,1604,4,6159.36,East,Cash on Delivery
502,2025-07-02 13:07:01.621621,Perfume,Beauty,2,4027,7,7490.22,North,Cash on Delivery
503,2025-07-02 21:51:42.702702,Dress,Clothing,3,748,3,2176.68,West,Debit Card
504,2025-07-03 06:36:23.783783,Perfume,Beauty,2,3862,24,5870.24,South,UPI
505,2025-07-03 15:21:04.864864,Watch,Accessories,3,1222,1,3629.34,North,Cash on Delivery
506,2025-07-04 00:05:45.945945,Sunglasses,Accessories,4,3279,21,10361.64,South,Credit Card
507,2025-07-04 08:50:27.027027,Perfume,Beauty,2,3383,16,5683.44,South,Credit Card
508,2025-07-04 17:35:08.108108,Sunglasses,Accessories,2,2934,15,4987.8,East,Debit Card
509,2025-07-05 02:19:49.189189,Watch,Accessories,2,4195,18,6879.8,North,Credit Card
510,2025-07-05 11:04:30.270270,Hoodie,Clothing,3,1704,3,4958.64,West,Credit Card
511,2025-07-05 19:49:11.351351,Backpack,Accessories,2,526,25,789.0,North,Credit Card
512,2025-07-06 04:33:52.432432,Dress,Clothing,2,2323,6,4367.24,North,Credit Card
513,2025-07-06 13:18:33.513513,Jacket,Clothing,2,4583,24,6966.16,North,Cash on Delivery
514,2025-07-06 22:03:14.594594,T-Shirt,Clothing,3,2930,3,8526.3,North,Credit Card
515,2025-07-07 06:47:55.675675,Sneakers,Footwear,4,4731,25,14193.0,East,Cash on Delivery
516,2025-07-07 15:32:36.756756,Hoodie,Clothing,4,3113,23,9588.04,South,Credit Card
517,2025-07-08 00:17:17.837837,Jeans,Clothing,3,3559,27,7794.21,East,UPI
518,2025-07-08 09:01:58.918918,Sneakers,Footwear,2,963,12,1694.88,West,Credit Card
519,2025-07-08 17:46:40.000000,Perfume,Beauty,2,3274,3,6351.56,West,Debit Card
520,2025-07-09 02:31:21.081081,Hoodie,Clothing,2,4578,16,7691.04,East,UPI
521,2025-07-09 11:16:02.162162,Jeans,Clothing,3,1951,16,4916.52,East,Cash on Delivery
522,2025-07-09 20:00:43.243243,Sunglasses,Accessories,4,2136,0,8544.0,North,Credit Card
523,2025-07-10 04:45:24.324324,Hoodie,Clothing,4,2310,14,7946.4,South,Debit Card
524,2025-07-10 13:30:05.405405,Watch,Accessories,1,4997,15,4247.45,North,UPI
525,2025-07-10 22:14:46.486486,Hoodie,Clothing,1,437,17,362.71,East,UPI
526,2025-07-11 06:59:27.567567,T-Shirt,Clothing,2,3057,16,5135.76,East,UPI
527,2025-07-11 15:44:08.648648,Sneakers,Footwear,1,4286,9,3900.26,East,Credit Card
528,2025-07-12 00:28:49.729729,Perfume,Beauty,3,4976,28,10748.16,West,UPI
529,2025-07-12 09:13:30.810810,Hoodie,Clothing,1,1003,4,962.88,West,Credit Card
530,2025-07-12 17:58:11.891891,Perfume,Beauty,4,3278,0,13112.0,West,UPI
531,2025-07-13 02:42:52.972972,Hoodie,Clothing,2,3156,21,4986.48,South,Cash on Delivery
532,2025-07-13 11:27:34.054054,Sunglasses,Accessories,3,1919,23,4432.89,North,Cash on Delivery
533,2025-07-13 20:12:15.135135,Dress,Clothing,2,1731,11,3081.18,South,Credit Card
534,2025-07-14 04:56:56.216216,Jacket,Clothing,4,462,22,1441.44,West,Credit Card
535,2025-07-14 13:41:37.297297,Backpack,Accessories,2,3771,21,5958.18,East,Credit Card
536,2025-07-14 22:26:18.378378,Sunglasses,Accessories,1,881,11,784.09,North,UPI
537,2025-07-15 07:10:59.459459,Hoodie,Clothing,4,2943,17,9770.76,South,Debit Card
538,2025-07-15 15:55:40.540540,Sunglasses,Accessories,1,989,0,989.0,East,Debit Card
539,2025-07-16 00:40:21.621621,Jacket,Clothing,3,1722,17,4287.78,West,Cash on Delivery
540,2025-07-16 09:25:02.702702,Hoodie,Clothing,4,4026,15,13688.4,East,UPI
541,2025-07-16 18:09:43.783783,Perfume,Beauty,2,2839,23,4372.06,West,Credit Card
542,2025-07-17 02:54:24.864864,Sunglasses,Accessories,1,2661,20,2128.8,South,UPI
543,2025-07-17 11:39:05.945945,Sneakers,Footwear,3,2053,4,5912.64,West,UPI
544,2025-07-17 20:23:47.027027,Sneakers,Footwear,3,4779,11,12759.93,North,UPI
545,2025-07-18 05:08:28.108108,Sunglasses,Accessories,1,1194,9,1086.54,North,Debit Card
546,2025-07-18 13:53:09.189189,Jacket,Clothing,3,2636,16,6642.72,West,UPI
547,2025-07-18 22:37:50.270270,Jeans,Clothing,4,2390,8,8795.2,East,Credit Card
548,2025-07-19 07:22:31.351351,T-Shirt,Clothing,1,1933,5,1836.35,South,Credit Card
549,2025-07-19 16:07:12.432432,Jeans,Clothing,1,3888,1,3849.12,South,Cash on Delivery
550,2025-07-20 00:51:53.513513,Sunglasses,Accessories,2,397,15,674.9,West,Debit Card
551,2025-07-20 09:36:34.594594,Watch,Accessories,2,4983,23,7673.82,East,Cash on Delivery
552,2025-07-20 18:21:15.675675,Jacket,Clothing,4,4966,9,18076.24,East,Cash on Delivery
553,2025-07-21 03:05:56.756756,Sneakers,Footwear,3,2908,6,8200.56,North,Cash on Delivery
554,2025-07-21 11:50:37.837837,Perfume,Beauty,3,1391,13,3630.51,West,Credit Card
555,2025-07-21 20:35:18.918918,Backpack,Accessories,4,2049,19,6638.76,West,Credit Card
556,2025-07-22 05:20:00.000000,Sunglasses,Accessories,4,2405,27,7022.6,South,UPI
557,2025-07-22 14:04:41.081081,Jeans,Clothing,1,4270,7,3971.1,West,UPI
558,2025-07-22 22:49:22.162162,Perfume,Beauty,4,2574,5,9781.2,East,Cash on Delivery
559,2025-07-23 07:34:03.243243,Watch,Accessories,1,2726,17,2262.58,East,Debit Card
560,2025-07-23 16:18:44.324324,Dress,Clothing,3,2851,11,7612.17,South,Cash on Delivery
561,2025-07-24 01:03:25.405405,Backpack,Accessories,4,775,8,2852.0,West,UPI
562,2025-07-24 09:48:06.486486,Dress,Clothing,4,4954,14,17041.76,West,Credit Card
563,2025-07-24 18:32:47.567567,Backpack,Accessories,2,4863,5,9239.7,West,Credit Card
564,2025-07-25 03:17:28.648648,Watch,Accessories,4,3224,2,12638.08,East,Credit Card
565,2025-07-25 12:02:09.729729,Backpack,Accessories,2,3276,27,4782.96,North,Debit Card
566,2025-07-25 20:46:50.810810,Backpack,Accessories,1,987,10,888.3,North,Cash on Delivery
567,2025-07-26 05:31:31.891891,Jacket,Clothing,2,2081,18,3412.84,West,UPI
568,2025-07-26 14:16:12.972972,Watch,Accessories,4,874,12,3076.48,East,UPI
569,2025-07-26 23:00:54.054054,Dress,Clothing,2,4664,1,9234.72,West,Cash on Delivery
570,2025-07-27 07:45:35.135135,Jacket,Clothing,2,1894,22,2954.64,West,Debit Card
571,2025-07-27 16:30:16.216216,Dress,Clothing,1,2700,3,2619.0,North,Cash on Delivery
572,2025-07-28 01:14:57.297297,Jeans,Clothing,2,3369,4,6468.48,East,UPI
573,2025-07-28 09:59:38.378378,Sunglasses,Accessories,4,3857,17,12805.24,South,Debit Card
574,2025-07-28 18:44:19.459459,Sunglasses,Accessories,3,3290,11,8784.3,West,UPI
575,2025-07-29 03:29:00.540540,Dress,Clothing,4,1454,11,5176.24,West,Credit Card
576,2025-07-29 12:13:41.621621,Perfume,Beauty,4,3648,27,10652.16,West,Credit Card
577,2025-07-29 20:58:22.702702,T-Shirt,Clothing,1,1998,19,1618.38,South,UPI
578,2025-07-30 05:43:03.783783,Sneakers,Footwear,3,4733,25,10649.25,East,UPI
579,2025-07-30 14:27:44.864864,Watch,Accessories,4,1195,21,3776.2,North,UPI
580,2025-07-30 23:12:25.945945,Sneakers,Footwear,1,1023,28,736.56,West,Credit Card
581,2025-07-31 07:57:07.027027,Jeans,Clothing,3,1235,23,2852.85,West,Debit Card
582,2025-07-31 16:41:48.108108,Watch,Accessories,2,4519,0,9038.0,West,Debit Card
583,2025-08-01 01:26:29.189189,Watch,Accessories,4,2538,2,9948.96,West,Credit Card
584,2025-08-01 10:11:10.270270,Sunglasses,Accessories,3,4928,2,14488.32,North,UPI
585,2025-08-01 18:55:51.351351,Dress,Clothing,2,759,16,1275.12,East,UPI
586,2025-08-02 03:40:32.432432,Sneakers,Footwear,4,2557,18,8386.96,North,Credit Card
587,2025-08-02 12:25:13.513513,Watch,Accessories,3,3974,1,11802.78,West,Credit Card
588,2025-08-02 21:09:54.594594,Jacket,Clothing,2,2959,20,4734.4,West,Credit Card
589,2025-08-03 05:54:35.675675,Sneakers,Footwear,3,4217,26,9361.74,West,UPI
590,2025-08-03 14:39:16.756756,Sunglasses,Accessories,4,4665,25,13995.0,South,Debit Card
591,2025-08-03 23:23:57.837837,Jacket,Clothing,4,4388,18,14392.64,South,Debit Card
592,2025-08-04 08:08:38.918918,Sneakers,Footwear,2,2631,19,4262.22,North,Debit Card
593,2025-08-04 16:53:20.000000,Sunglasses,Accessories,3,1831,18,4504.26,East,Cash on Delivery
594,2025-08-05 01:38:01.081081,Backpack,Accessories,2,1760,28,2534.4,West,Cash on Delivery
595,2025-08-05 10:22:42.162162,T-Shirt,Clothing,2,564,0,1128.0,West,Cash on Delivery
596,2025-08-05 19:07:23.243243,Sunglasses,Accessories,2,2062,8,3794.08,East,Credit Card
597,2025-08-06 03:52:04.324324,Sunglasses,Accessories,4,367,27,1071.64,West,Credit Card
598,2025-08-06 12:36:45.405405,Sunglasses,Accessories,1,4308,23,3317.16,East,Debit Card
599,2025-08-06 21:21:26.486486,Watch,Accessories,4,2824,29,8020.16,North,Cash on Delivery
600,2025-08-07 06:06:07.567567,Sneakers,Footwear,3,4889,17,12173.61,North,Debit Card
601,2025-08-07 14:50:48.648648,Dress,Clothing,1,1599,4,1535.04,East,Cash on Delivery
602,2025-08-07 23:35:29.729729,T-Shirt,Clothing,1,2344,8,2156.48,North,UPI
603,2025-08-08 08:20:10.810810,Hoodie,Clothing,3,1276,1,3789.72,West,Cash on Delivery
604,2025-08-08 17:04:51.891891,T-Shirt,Clothing,4,642,14,2208.48,West,Cash on Delivery
605,2025-08-09 01:49:32.972972,Jacket,Clothing,4,826,8,3039.68,East,Credit Card
606,2025-08-09 10:34:14.054054,Hoodie,Clothing,1,705,7,655.65,North,Debit Card
607,2025-08-09 19:18:55.135135,Jacket,Clothing,4,4900,28,14112.0,East,Cash on Delivery
608,2025-08-10 04:03:36.216216,Watch,Accessories,3,2695,27,5902.05,West,Credit Card
609,2025-08-10 12:48:17.297297,Sneakers,Footwear,2,493,23,759.22,South,Debit Card
610,2025-08-10 21:32:58.378378,Watch,Accessories,1,2092,7,1945.56,East,Credit Card
611,2025-08-11 06:17:39.459459,Jacket,Clothing,2,4036,17,6699.76,North,UPI
612,2025-08-11 15:02:20.540540,Jacket,Clothing,2,4678,7,8701.08,East,Cash on Delivery
613,2025-08-11 23:47:01.621621,Perfume,Beauty,1,4836,28,3481.92,North,UPI
614,2025-08-12 08:31:42.702702,Sneakers,Footwear,4,441,2,1728.72,West,UPI
615,2025-08-12 17:16:23.783783,Hoodie,Clothing,4,2396,13,8338.08,North,Credit Card
616,2025-08-13 02:01:04.864864,Backpack,Accessories,3,4799,27,10509.81,North,Credit Card
617,2025-08-13 10:45:45.945945,Watch,Accessories,1,4128,16,3467.52,West,Credit Card
618,2025-08-13 19:30:27.027027,Perfume,Beauty,3,2729,8,7532.04,North,Cash on Delivery
619,2025-08-14 04:15:08.108108,Dress,Clothing,1,4948,16,4156.32,West,UPI
620,2025-08-14 12:59:49.189189,Sneakers,Footwear,3,482,8,1330.32,East,UPI
621,2025-08-14 21:44:30.270270,Sneakers,Footwear,3,1656,30,3477.6,South,UPI
622,2025-08-15 06:29:11.351351,T-Shirt,Clothing,4,3991,18,13090.48,West,Cash on Delivery
623,2025-08-15 15:13:52.432432,Backpack,Accessories,1,1432,11,1274.48,North,Cash on Delivery
624,2025-08-15 23:58:33.513513,T-Shirt,Clothing,1,1287,25,965.25,North,Cash on Delivery
625,2025-08-16 08:43:14.594594,Sunglasses,Accessories,3,473,22,1106.82,South,UPI
626,2025-08-16 17:27:55.675675,Watch,Accessories,1,2175,17,1805.25,South,Credit Card
627,2025-08-17 02:12:36.756756,Hoodie,Clothing,2,4044,30,5661.6,West,Credit Card
628,2025-08-17 10:57:17.837837,Dress,Clothing,3,2074,27,4542.06,West,Cash on Delivery
629,2025-08-17 19:41:58.918918,T-Shirt,Clothing,1,631,25,473.25,East,Debit Card
630,2025-08-18 04:26:40.000000,Sunglasses,Accessories,3,4168,8,11503.68,South,Credit Card
631,2025-08-18 13:11:21.081081,Sneakers,Footwear,3,2296,9,6268.08,South,Credit Card
632,2025-08-18 21:56:02.162162,Sneakers,Footwear,2,1070,19,1733.4,South,Debit Card
633,2025-08-19 06:40:43.243243,Dress,Clothing,2,1928,5,3663.2,East,Cash on Delivery
634,2025-08-19 15:25:24.324324,Backpack,Accessories,2,4308,29,6117.36,West,Debit Card
635,2025-08-20 00:10:05.405405,T-Shirt,Clothing,3,2298,25,5170.5,North,UPI
636,2025-08-20 08:54:46.486486,T-Shirt,Clothing,3,4618,24,10529.04,East,Cash on Delivery
637,2025-08-20 17:39:27.567567,Sunglasses,Accessories,2,2119,20,3390.4,South,Debit Card
638,2025-08-21 02:24:08.648648,Jeans,Clothing,4,2958,12,10412.16,East,UPI
639,2025-08-21 11:08:49.729729,Dress,Clothing,2,4005,29,5687.1,West,Cash on Delivery
640,2025-08-21 19:53:30.810810,Jeans,Clothing,4,1774,2,6954.08,West,Cash on Delivery
641,2025-08-22 04:38:11.891891,Sunglasses,Accessories,3,2370,7,6612.3,East,Cash on Delivery
642,2025-08-22 13:22:52.972972,Perfume,Beauty,3,1441,3,4193.31,West,UPI
643,2025-08-22 22:07:34.054054,Backpack,Accessories,3,3661,23,8456.91,West,UPI
644,2025-08-23 06:52:15.135135,Watch,Accessories,4,1891,0,7564.0,North,Debit Card
645,2025-08-23 15:36:56.216216,Hoodie,Clothing,3,3573,27,7824.87,South,Cash on Delivery
646,2025-08-24 00:21:37.297297,Sneakers,Footwear,3,3354,30,7043.4,East,Credit Card
647,2025-08-24 09:06:18.378378,T-Shirt,Clothing,1,2129,4,2043.84,West,Credit Card
648,2025-08-24 17:50:59.459459,Hoodie,Clothing,4,3575,5,13585.0,North,Debit Card
649,2025-08-25 02:35:40.540540,Hoodie,Clothing,1,2200,17,1826.0,North,Credit Card
650,2025-08-25 11:20:21.621621,Backpack,Accessories,4,742,2,2908.64,East,UPI
651,2025-08-25 20:05:02.702702,Hoodie,Clothing,2,1478,13,2571.72,South,Debit Card
652,2025-08-26 04:49:43.783783,Perfume,Beauty,3,2141,5,6101.85,East,UPI
653,2025-08-26 13:34:24.864864,Dress,Clothing,2,4309,4,8273.28,South,UPI
654,2025-08-26 22:19:05.945945,Dress,Clothing,2,423,4,812.16,East,Debit Card
655,2025-08-27 07:03:47.027027,Jacket,Clothing,4,1085,27,3168.2,North,UPI
656,2025-08-27 15:48:28.108108,Hoodie,Clothing,1,2456,15,2087.6,South,Cash on Delivery
657,2025-08-28 00:33:09.189189,Dress,Clothing,1,2652,12,2333.76,South,UPI
658,2025-08-28 09:17:50.270270,Jacket,Clothing,1,2690,18,2205.8,East,Credit Card
659,2025-08-28 18:02:31.351351,Jeans,Clothing,4,3480,18,11414.4,South,UPI
660,2025-08-29 02:47:12.432432,Dress,Clothing,2,682,11,1213.96,North,Cash on Delivery
661,2025-08-29 11:31:53.513513,Watch,Accessories,4,1822,0,7288.0,West,Debit Card
662,2025-08-29 20:16:34.594594,Backpack,Accessories,1,1434,1,1419.66,East,Cash on Delivery
663,2025-08-30 05:01:15.675675,Sneakers,Footwear,1,3470,27,2533.1,South,Cash on Delivery
664,2025-08-30 13:45:56.756756,Jacket,Clothing,1,4035,25,3026.25,East,UPI
665,2025-08-30 22:30:37.837837,Watch,Accessories,1,2867,27,2092.91,North,UPI
666,2025-08-31 07:15:18.918918,Dress,Clothing,4,2209,18,7245.52,East,Cash on Delivery
667,2025-08-31 16:00:00.000000,Dress,Clothing,2,566,21,894.28,North,Debit Card
668,2025-09-01 00:44:41.081081,Jacket,Clothing,1,4129,10,3716.1,East,Cash on Delivery
669,2025-09-01 09:29:22.162162,Dress,Clothing,1,1507,19,1220.67,North,Credit Card
670,2025-09-01 18:14:03.243243,Perfume,Beauty,4,1182,18,3876.96,South,Cash on Delivery
671,2025-09-02 02:58:44.324324,Hoodie,Clothing,4,4977,30,13935.6,East,Credit Card
672,2025-09-02 11:43:25.405405,Hoodie,Clothing,2,1910,0,3820.0,South,Cash on Delivery
673,2025-09-02 20:28:06.486486,Watch,Accessories,3,2246,10,6064.2,West,UPI
674,2025-09-03 05:12:47.567567,Sneakers,Footwear,2,3836,18,6291.04,North,Credit Card
675,2025-09-03 13:57:28.648648,Jeans,Clothing,4,2270,14,7808.8,East,Debit Card
676,2025-09-03 22:42:09.729729,Hoodie,Clothing,3,664,2,1952.16,West,Debit Card
677,2025-09-04 07:26:50.810810,Sunglasses,Accessories,4,415,12,1460.8,North,UPI
678,2025-09-04 16:11:31.891891,T-Shirt,Clothing,1,4235,7,3938.55,East,Debit Card
679,2025-09-05 00:56:12.972972,Jacket,Clothing,3,2790,4,8035.2,North,Debit Card
680,2025-09-05 09:40:54.054054,Watch,Accessories,4,1437,21,4540.92,North,Credit Card
681,2025-09-05 18:25:35.135135,Sneakers,Footwear,2,3253,9,5920.46,West,Credit Card
682,2025-09-06 03:10:16.216216,Dress,Clothing,4,1527,1,6046.92,North,Cash on Delivery
683,2025-09-06 11:54:57.297297,Sneakers,Footwear,4,1609,24,4891.36,South,Debit Card
684,2025-09-06 20:39:38.378378,Sneakers,Footwear,3,2611,25,5874.75,North,Cash on Delivery
685,2025-09-07 05:24:19.459459,Watch,Accessories,2,2994,2,5868.24,North,Cash on Delivery
686,2025-09-07 14:09:00.540540,Sunglasses,Accessories,1,3258,4,3127.68,North,Cash on Delivery
687,2025-09-07 22:53:41.621621,Backpack,Accessories,1,2535,8,2332.2,East,UPI
688,2025-09-08 07:38:22.702702,Hoodie,Clothing,3,2541,30,5336.1,West,Debit Card
689,2025-09-08 16:23:03.783783,Sunglasses,Accessories,2,713,30,998.2,South,Debit Card
690,2025-09-09 01:07:44.864864,Sneakers,Footwear,4,1209,27,3530.28,North,UPI
691,2025-09-09 09:52:25.945945,Jeans,Clothing,1,3944,18,3234.08,East,Credit Card
692,2025-09-09 18:37:07.027027,Jeans,Clothing,4,2722,1,10779.12,South,Cash on Delivery
693,2025-09-10 03:21:48.108108,Jacket,Clothing,4,4845,25,14535.0,North,Cash on Delivery
694,2025-09-10 12:06:29.189189,Jeans,Clothing,3,3251,22,7607.34,South,Cash on Delivery
695,2025-09-10 20:51:10.270270,Watch,Accessories,3,4001,28,8642.16,East,UPI
696,2025-09-11 05:35:51.351351,Watch,Accessories,1,736,12,647.68,North,Debit Card
697,2025-09-11 14:20:32.432432,Dress,Clothing,3,1604,21,3801.48,East,UPI
698,2025-09-11 23:05:13.513513,Watch,Accessories,3,1889,19,4590.27,West,Cash on Delivery
699,2025-09-12 07:49:54.594594,Jeans,Clothing,2,1311,20,2097.6,West,Debit Card
700,2025-09-12 16:34:35.675675,Jacket,Clothing,2,2607,12,4588.32,East,Debit Card
701,2025-09-13 01:19:16.756756,Backpack,Accessories,2,1335,22,2082.6,East,Credit Card
702,2025-09-13 10:03:57.837837,Jeans,Clothing,2,4749,30,6648.6,East,UPI
703,2025-09-13 18:48:38.918918,T-Shirt,Clothing,3,1564,25,3519.0,North,Credit Card
704,2025-09-14 03:33:20.000000,Jeans,Clothing,4,4097,5,15568.6,North,Debit Card
705,2025-09-14 12:18:01.081081,Backpack,Accessories,2,2737,4,5255.04,West,UPI
706,2025-09-14 21:02:42.162162,Sunglasses,Accessories,1,4532,26,3353.68,South,Cash on Delivery
707,2025-09-15 05:47:23.243243,Hoodie,Clothing,4,1118,12,3935.36,East,UPI
708,2025-09-15 14:32:04.324324,Jacket,Clothing,4,3792,16,12741.12,South,Debit Card
709,2025-09-15 23:16:45.405405,Perfume,Beauty,1,4199,26,3107.26,North,Cash on Delivery
710,2025-09-16 08:01:26.486486,Watch,Accessories,2,4418,20,7068.8,North,Debit Card
711,2025-09-16 16:46:07.567567,Dress,Clothing,1,3907,11,3477.23,East,UPI
712,2025-09-17 01:30:48.648648,Hoodie,Clothing,3,1929,8,5324.04,North,Cash on Delivery
713,2025-09-17 10:15:29.729729,Sneakers,Footwear,3,1616,9,4411.68,North,UPI
714,2025-09-17 19:00:10.810810,Jacket,Clothing,4,2887,8,10624.16,East,Debit Card
715,2025-09-18 03:44:51.891891,Jeans,Clothing,4,526,11,1872.56,North,Cash on Delivery
716,2025-09-18 12:29:32.972972,Watch,Accessories,1,2557,4,2454.72,North,Cash on Delivery
717,2025-09-18 21:14:14.054054,Jeans,Clothing,4,4724,5,17951.2,East,Credit Card
718,2025-09-19 05:58:55.135135,Backpack,Accessories,2,2316,3,4493.04,North,Debit Card
719,2025-09-19 14:43:36.216216,Jeans,Clothing,1,2051,7,1907.43,East,Cash on Delivery
720,2025-09-19 23:28:17.297297,Jeans,Clothing,3,1239,20,2973.6,West,Cash on Delivery
721,2025-09-20 08:12:58.378378,Jacket,Clothing,2,655,20,1048.0,West,Debit Card
722,2025-09-20 16:57:39.459459,Sneakers,Footwear,1,2396,21,1892.84,South,Credit Card
723,2025-09-21 01:42:20.540540,Dress,Clothing,4,2400,9,8736.0,South,UPI
724,2025-09-21 10:27:01.621621,Dress,Clothing,2,2115,1,4187.7,South,UPI
725,2025-09-21 19:11:42.702702,Hoodie,Clothing,2,974,24,1480.48,East,Debit Card
726,2025-09-22 03:56:23.783783,Jacket,Clothing,1,4151,21,3279.29,West,Cash on Delivery
727,2025-09-22 12:41:04.864864,Sunglasses,Accessories,4,1701,27,4966.92,South,Credit Card
728,2025-09-22 21:25:45.945945,T-Shirt,Clothing,4,4514,27,13180.88,West,Debit Card
729,2025-09-23 06:10:27.027027,T-Shirt,Clothing,4,3975,25,11925.0,West,Debit Card
730,2025-09-23 14:55:08.108108,Jacket,Clothing,1,2522,29,1790.62,North,Credit Card
731,2025-09-23 23:39:49.189189,Dress,Clothing,2,3762,20,6019.2,North,UPI
732,2025-09-24 08:24:30.270270,Watch,Accessories,2,2866,19,4642.92,North,Credit Card
733,2025-09-24 17:09:11.351351,Dress,Clothing,4,1272,6,4782.72,West,Debit Card
734,2025-09-25 01:53:52.432432,Sneakers,Footwear,1,2507,10,2256.3,West,UPI
735,2025-09-25 10:38:33.513513,Watch,Accessories,1,3875,7,3603.75,North,Credit Card
736,2025-09-25 19:23:14.594594,Hoodie,Clothing,4,494,28,1422.72,North,UPI
737,2025-09-26 04:07:55.675675,Jeans,Clothing,2,3576,14,6150.72,West,Debit Card
738,2025-09-26 12:52:36.756756,Perfume,Beauty,4,692,22,2159.04,North,Cash on Delivery
739,2025-09-26 21:37:17.837837,Hoodie,Clothing,2,3702,14,6367.44,West,Cash on Delivery
740,2025-09-27 06:21:58.918918,Jacket,Clothing,1,1852,26,1370.48,South,Cash on Delivery
741,2025-09-27 15:06:40.000000,Watch,Accessories,2,3812,25,5718.0,North,Credit Card
742,2025-09-27 23:51:21.081081,Sneakers,Footwear,3,760,20,1824.0,West,Cash on Delivery
743,2025-09-28 08:36:02.162162,Hoodie,Clothing,3,3783,10,10214.1,East,UPI
744,2025-09-28 17:20:43.243243,T-Shirt,Clothing,3,3473,23,8022.63,South,Cash on Delivery
745,2025-09-29 02:05:24.324324,Sunglasses,Accessories,3,458,8,1264.08,South,Credit Card
746,2025-09-29 10:50:05.405405,Perfume,Beauty,1,2352,19,1905.12,West,UPI
747,2025-09-29 19:34:46.486486,Backpack,Accessories,2,1996,17,3313.36,South,Debit Card
748,2025-09-30 04:19:27.567567,Jeans,Clothing,3,3083,28,6659.28,South,UPI
749,2025-09-30 13:04:08.648648,Dress,Clothing,2,3945,21,6233.1,South,Credit Card
750,2025-09-30 21:48:49.729729,Perfume,Beauty,2,2232,30,3124.8,South,Debit Card
751,2025-10-01 06:33:30.810810,Jacket,Clothing,1,2867,11,2551.63,North,Debit Card
752,2025-10-01 15:18:11.891891,T-Shirt,Clothing,1,4123,10,3710.7,North,Credit Card
753,2025-10-02 00:02:52.972972,Jacket,Clothing,1,4975,2,4875.5,West,Cash on Delivery
754,2025-10-02 08:47:34.054054,Backpack,Accessories,4,2793,24,8490.72,West,Debit Card
755,2025-10-02 17:32:15.135135,Dress,Clothing,1,1169,21,923.51,South,Credit Card
756,2025-10-03 02:16:56.216216,Jacket,Clothing,4,919,18,3014.32,North,Debit Card
757,2025-10-03 11:01:37.297297,Jeans,Clothing,1,544,15,462.4,South,Credit Card
758,2025-10-03 19:46:18.378378,Watch,Accessories,4,3512,9,12783.68,West,Credit Card
759,2025-10-04 04:30:59.459459,Hoodie,Clothing,3,4582,19,11134.26,West,Credit Card
760,2025-10-04 13:15:40.540540,Jacket,Clothing,1,385,11,342.65,North,UPI
761,2025-10-04 22:00:21.621621,Perfume,Beauty,4,1936,27,5653.12,West,Cash on Delivery
762,2025-10-05 06:45:02.702702,Perfume,Beauty,3,2518,20,6043.2,West,Credit Card
763,2025-10-05 15:29:43.783783,Backpack,Accessories,2,3938,7,7324.68,West,Debit Card
764,2025-10-06 00:14:24.864864,Jacket,Clothing,1,3236,28,2329.92,East,Cash on Delivery
765,2025-10-06 08:59:05.945945,Perfume,Beauty,4,1761,23,5423.88,East,Debit Card
766,2025-10-06 17:43:47.027027,Jeans,Clothing,3,2476,24,5645.28,North,Debit Card
767,2025-10-07 02:28:28.108108,T-Shirt,Clothing,3,1279,19,3107.97,North,Credit Card
768,2025-10-07 11:13:09.189189,Sneakers,Footwear,3,3996,6,11268.72,East,Credit Card
769,2025-10-07 19:57:50.270270,T-Shirt,Clothing,2,415,28,597.6,West,UPI
770,2025-10-08 04:42:31.351351,Jeans,Clothing,4,3308,17,10982.56,North,Credit Card
771,2025-10-08 13:27:12.432432,Perfume,Beauty,1,3999,22,3119.22,South,Debit Card
772,2025-10-08 22:11:53.513513,Sunglasses,Accessories,1,2213,0,2213.0,North,Credit Card
773,2025-10-09 06:56:34.594594,Jeans,Clothing,4,2072,8,7624.96,North,Cash on Delivery
774,2025-10-09 15:41:15.675675,Dress,Clothing,4,3171,18,10400.88,North,Debit Card
775,2025-10-10 00:25:56.756756,Perfume,Beauty,3,2750,12,7260.0,West,Debit Card
776,2025-10-10 09:10:37.837837,Watch,Accessories,3,4947,4,14247.36,North,Credit Card
777,2025-10-10 17:55:18.918918,Hoodie,Clothing,3,1173,19,2850.39,East,Credit Card
778,2025-10-11 02:40:00.000000,Hoodie,Clothing,1,4616,7,4292.88,North,Cash on Delivery
779,2025-10-11 11:24:41.081081,Sneakers,Footwear,4,914,13,3180.72,West,Credit Card
780,2025-10-11 20:09:22.162162,Sunglasses,Accessories,3,570,2,1675.8,North,UPI
781,2025-10-12 04:54:03.243243,Sneakers,Footwear,3,3654,7,10194.66,East,UPI
782,2025-10-12 13:38:44.324324,Hoodie,Clothing,2,3907,23,6016.78,South,Cash on Delivery
783,2025-10-12 22:23:25.405405,Sneakers,Footwear,2,2780,22,4336.8,North,Cash on Delivery
784,2025-10-13 07:08:06.486486,Hoodie,Clothing,3,3224,4,9285.12,East,Credit Card
785,2025-10-13 15:52:47.567567,Dress,Clothing,2,1124,28,1618.56,North,Cash on Delivery
786,2025-10-14 00:37:28.648648,Jacket,Clothing,2,1680,24,2553.6,South,Cash on Delivery
787,2025-10-14 09:22:09.729729,Watch,Accessories,3,3456,28,7464.96,West,Debit Card
788,2025-10-14 18:06:50.810810,Sneakers,Footwear,2,2287,27,3339.02,West,Credit Card
789,2025-10-15 02:51:31.891891,Sneakers,Footwear,3,4815,14,12422.7,North,UPI
790,2025-10-15 11:36:12.972972,Watch,Accessories,2,605,29,859.1,South,UPI
791,2025-10-15 20:20:54.054054,Sunglasses,Accessories,4,505,24,1535.2,South,Cash on Delivery
792,2025-10-16 05:05:35.135135,Jacket,Clothing,4,3922,15,13334.8,West,Credit Card
793,2025-10-16 13:50:16.216216,Dress,Clothing,2,3008,7,5594.88,North,Cash on Delivery
794,2025-10-16 22:34:57.297297,Watch,Accessories,3,3573,26,7932.06,South,Debit Card
795,2025-10-17 07:19:38.378378,Sunglasses,Accessories,1,4022,9,3660.02,South,UPI
796,2025-10-17 16:04:19.459459,T-Shirt,Clothing,4,452,26,1337.92,North,UPI
797,2025-10-18 00:49:00.540540,Jacket,Clothing,1,2052,18,1682.64,West,UPI
798,2025-10-18 09:33:41.621621,Sunglasses,Accessories,3,4499,14,11607.42,West,Debit Card
799,2025-10-18 18:18:22.702702,Jacket,Clothing,1,1306,22,1018.68,South,Debit Card
800,2025-10-19 03:03:03.783783,Sunglasses,Accessories,1,3789,26,2803.86,North,UPI
801,2025-10-19 11:47:44.864864,Sunglasses,Accessories,1,4977,5,4728.15,West,Cash on Delivery
802,2025-10-19 20:32:25.945945,Dress,Clothing,3,3708,30,7786.8,North,Cash on Delivery
803,2025-10-20 05:17:07.027027,Watch,Accessories,4,4460,16,14985.6,East,Credit Card
804,2025-10-20 14:01:48.108108,Hoodie,Clothing,4,1451,3,5629.88,South,UPI
805,2025-10-20 22:46:29.189189,Sneakers,Footwear,3,2207,2,6488.58,West,Credit Card
806,2025-10-21 07:31:10.270270,Perfume,Beauty,1,1593,1,1577.07,North,Debit Card
807,2025-10-21 16:15:51.351351,Hoodie,Clothing,4,3686,28,10615.68,East,Credit Card
808,2025-10-22 01:00:32.432432,Sunglasses,Accessories,1,2686,20,2148.8,North,UPI
809,2025-10-22 09:45:13.513513,Jacket,Clothing,4,4920,15,16728.0,West,Credit Card
810,2025-10-22 18:29:54.594594,Sneakers,Footwear,3,3063,15,7810.65,East,Debit Card
811,2025-10-23 03:14:35.675675,Perfume,Beauty,1,4031,30,2821.7,West,Cash on Delivery
812,2025-10-23 11:59:16.756756,Watch,Accessories,2,3393,18,5564.52,North,UPI
813,2025-10-23 20:43:57.837837,Backpack,Accessories,3,3577,23,8262.87,East,Debit Card
814,2025-10-24 05:28:38.918918,Jeans,Clothing,4,3362,18,11027.36,East,Credit Card
815,2025-10-24 14:13:20.000000,Hoodie,Clothing,4,412,11,1466.72,South,UPI
816,2025-10-24 22:58:01.081081,Dress,Clothing,3,439,16,1106.28,South,UPI
817,2025-10-25 07:42:42.162162,Dress,Clothing,1,1187,26,878.38,North,Credit Card
818,2025-10-25 16:27:23.243243,Jeans,Clothing,4,3860,18,12660.8,South,UPI
819,2025-10-26 01:12:04.324324,Jeans,Clothing,2,2906,6,5463.28,West,UPI
820,2025-10-26 09:56:45.405405,Hoodie,Clothing,2,2738,14,4709.36,East,Credit Card
821,2025-10-26 18:41:26.486486,Watch,Accessories,3,427,21,1011.99,North,Cash on Delivery
822,2025-10-27 03:26:07.567567,Hoodie,Clothing,1,3061,8,2816.12,North,Cash on Delivery
823,2025-10-27 12:10:48.648648,Perfume,Beauty,2,501,16,841.68,South,Credit Card
824,2025-10-27 20:55:29.729729,Perfume,Beauty,1,1641,8,1509.72,North,Credit Card
825,2025-10-28 05:40:10.810810,Perfume,Beauty,4,4820,16,16195.2,East,UPI
826,2025-10-28 14:24:51.891891,Watch,Accessories,3,2734,9,7463.82,South,UPI
827,2025-10-28 23:09:32.972972,Sneakers,Footwear,4,2933,5,11145.4,South,Credit Card
828,2025-10-29 07:54:14.054054,Watch,Accessories,3,4614,28,9966.24,East,Credit Card
829,2025-10-29 16:38:55.135135,Hoodie,Clothing,3,2900,21,6873.0,West,Cash on Delivery
830,2025-10-30 01:23:36.216216,Sneakers,Footwear,4,3854,14,13257.76,South,Credit Card
831,2025-10-30 10:08:17.297297,Dress,Clothing,2,2042,26,3022.16,South,UPI
832,2025-10-30 18:52:58.378378,T-Shirt,Clothing,4,4955,5,18829.0,North,Debit Card
833,2025-10-31 03:37:39.459459,Hoodie,Clothing,3,2855,1,8479.35,North,Cash on Delivery
834,2025-10-31 12:22:20.540540,T-Shirt,Clothing,3,1477,24,3367.56,South,UPI
835,2025-10-31 21:07:01.621621,Jacket,Clothing,3,859,20,2061.6,East,Cash on Delivery
836,2025-11-01 05:51:42.702702,Jacket,Clothing,4,909,29,2581.56,North,UPI
837,2025-11-01 14:36:23.783783,T-Shirt,Clothing,1,4696,3,4555.12,East,UPI
838,2025-11-01 23:21:04.864864,Sunglasses,Accessories,4,382,0,1528.0,South,Cash on Delivery
839,2025-11-02 08:05:45.945945,Sunglasses,Accessories,1,2393,9,2177.63,West,Cash on Delivery
840,2025-11-02 16:50:27.027027,Jacket,Clothing,4,3004,9,10934.56,South,Debit Card
841,2025-11-03 01:35:08.108108,Jacket,Clothing,2,3790,19,6139.8,East,UPI
842,2025-11-03 10:19:49.189189,Sunglasses,Accessories,4,4762,14,16381.28,West,UPI
843,2025-11-03 19:04:30.270270,Sunglasses,Accessories,3,3262,23,7535.22,West,UPI
844,2025-11-04 03:49:11.351351,Sunglasses,Accessories,1,2517,17,2089.11,West,UPI
845,2025-11-04 12:33:52.432432,Backpack,Accessories,3,668,20,1603.2,East,Debit Card
846,2025-11-04 21:18:33.513513,Hoodie,Clothing,3,3084,24,7031.52,South,UPI
847,2025-11-05 06:03:14.594594,Jeans,Clothing,4,2550,28,7344.0,South,Debit Card
848,2025-11-05 14:47:55.675675,Perfume,Beauty,1,4726,15,4017.1,South,Credit Card
849,2025-11-05 23:32:36.756756,Watch,Accessories,2,1661,5,3155.9,East,Debit Card
850,2025-11-06 08:17:17.837837,Hoodie,Clothing,3,2666,12,7038.24,West,Credit Card
851,2025-11-06 17:01:58.918918,Sneakers,Footwear,2,1169,0,2338.0,East,Cash on Delivery
852,2025-11-07 01:46:40.000000,Backpack,Accessories,3,793,9,2164.89,North,UPI
853,2025-11-07 10:31:21.081081,Jacket,Clothing,3,594,16,1496.88,West,Cash on Delivery
854,2025-11-07 19:16:02.162162,T-Shirt,Clothing,2,2896,8,5328.64,South,Cash on Delivery
855,2025-11-08 04:00:43.243243,Dress,Clothing,2,744,25,1116.0,East,Debit Card
856,2025-11-08 12:45:24.324324,Jacket,Clothing,2,979,3,1899.26,South,Cash on Delivery
857,2025-11-08 21:30:05.405405,Dress,Clothing,3,362,21,857.94,West,Debit Card
858,2025-11-09 06:14:46.486486,Perfume,Beauty,1,4651,6,4371.94,North,Debit Card
859,2025-11-09 14:59:27.567567,Jacket,Clothing,4,3578,0,14312.0,East,Debit Card
860,2025-11-09 23:44:08.648648,Jacket,Clothing,2,420,0,840.0,South,Credit Card
861,2025-11-10 08:28:49.729729,Dress,Clothing,4,1224,4,4700.16,North,Credit Card
862,2025-11-10 17:13:30.810810,Dress,Clothing,2,2968,14,5104.96,West,Debit Card
863,2025-11-11 01:58:11.891891,Sneakers,Footwear,4,4464,0,17856.0,West,Cash on Delivery
864,2025-11-11 10:42:52.972972,Backpack,Accessories,2,3906,24,5937.12,North,UPI
865,2025-11-11 19:27:34.054054,Perfume,Beauty,4,4227,24,12850.08,North,Debit Card
866,2025-11-12 04:12:15.135135,Watch,Accessories,4,1871,13,6511.08,South,UPI
867,2025-11-12 12:56:56.216216,Perfume,Beauty,2,3154,15,5361.8,North,UPI
868,2025-11-12 21:41:37.297297,Dress,Clothing,1,436,5,414.2,East,UPI
869,2025-11-13 06:26:18.378378,Sneakers,Footwear,3,961,8,2652.36,South,UPI
870,2025-11-13 15:10:59.459459,Perfume,Beauty,3,2812,11,7508.04,East,Cash on Delivery
871,2025-11-13 23:55:40.540540,Sneakers,Footwear,2,3242,21,5122.36,North,UPI
872,2025-11-14 08:40:21.621621,Dress,Clothing,3,3000,13,7830.0,West,Debit Card
873,2025-11-14 17:25:02.702702,Watch,Accessories,1,3618,7,3364.74,North,Credit Card
874,2025-11-15 02:09:43.783783,Dress,Clothing,2,3389,29,4812.38,South,Credit Card
875,2025-11-15 10:54:24.864864,T-Shirt,Clothing,2,1020,29,1448.4,East,Cash on Delivery
876,2025-11-15 19:39:05.945945,Perfume,Beauty,3,1973,14,5090.34,West,Debit Card
877,2025-11-16 04:23:47.027027,Hoodie,Clothing,2,2036,9,3705.52,West,Debit Card
878,2025-11-16 13:08:28.108108,Watch,Accessories,3,3930,21,9314.1,East,Debit Card
879,2025-11-16 21:53:09.189189,Jacket,Clothing,3,3753,27,8219.07,West,Cash on Delivery
880,2025-11-17 06:37:50.270270,Sunglasses,Accessories,3,3660,29,7795.8,North,Debit Card
881,2025-11-17 15:22:31.351351,Sneakers,Footwear,2,748,28,1077.12,South,Credit Card
882,2025-11-18 00:07:12.432432,Sneakers,Footwear,1,2220,1,2197.8,North,Cash on Delivery
883,2025-11-18 08:51:53.513513,T-Shirt,Clothing,1,3688,28,2655.36,East,Cash on Delivery
884,2025-11-18 17:36:34.594594,Backpack,Accessories,2,4466,12,7860.16,North,Credit Card
885,2025-11-19 02:21:15.675675,T-Shirt,Clothing,3,1116,6,3147.12,North,UPI
886,2025-11-19 11:05:56.756756,T-Shirt,Clothing,2,4924,10,8863.2,North,Debit Card
887,2025-11-19 19:50:37.837837,Sneakers,Footwear,3,4000,10,10800.0,West,Credit Card
888,2025-11-20 04:35:18.918918,Sunglasses,Accessories,2,1396,23,2149.84,West,UPI
889,2025-11-20 13:20:00.000000,Sunglasses,Accessories,2,2772,18,4546.08,West,Debit Card
890,2025-11-20 22:04:41.081081,Jacket,Clothing,1,1017,28,732.24,East,Debit Card
891,2025-11-21 06:49:22.162162,Jeans,Clothing,1,4824,14,4148.64,East,Debit Card
892,2025-11-21 15:34:03.243243,Dress,Clothing,2,4937,24,7504.24,West,Credit Card
893,2025-11-22 00:18:44.324324,Sneakers,Footwear,4,2907,1,11511.72,West,Cash on Delivery
894,2025-11-22 09:03:25.405405,Jacket,Clothing,2,3063,14,5268.36,North,Cash on Delivery
895,2025-11-22 17:48:06.486486,Hoodie,Clothing,3,1031,19,2505.33,North,UPI
896,2025-11-23 02:32:47.567567,Jeans,Clothing,2,2904,21,4588.32,East,Cash on Delivery
897,2025-11-23 11:17:28.648648,Perfume,Beauty,1,2670,18,2189.4,East,Credit Card
898,2025-11-23 20:02:09.729729,Backpack,Accessories,3,2921,3,8500.11,East,Cash on Delivery
899,2025-11-24 04:46:50.810810,Hoodie,Clothing,3,3493,30,7335.3,East,Cash on Delivery
900,2025-11-24 13:31:31.891891,Jeans,Clothing,2,1579,16,2652.72,North,Cash on Delivery
901,2025-11-24 22:16:12.972972,Jeans,Clothing,1,3875,14,3332.5,West,UPI
902,2025-11-25 07:00:54.054054,Hoodie,Clothing,4,549,25,1647.0,North,Cash on Delivery
903,2025-11-25 15:45:35.135135,Watch,Accessories,4,3685,19,11939.4,North,Debit Card
904,2025-11-26 00:30:16.216216,Dress,Clothing,3,343,28,740.88,East,Debit Card
905,2025-11-26 09:14:57.297297,Sunglasses,Accessories,3,519,5,1479.15,North,Credit Card
906,2025-11-26 17:59:38.378378,T-Shirt,Clothing,4,3074,30,8607.2,East,UPI
907,2025-11-27 02:44:19.459459,Perfume,Beauty,4,789,4,3029.76,North,Credit Card
908,2025-11-27 11:29:00.540540,Perfume,Beauty,4,2005,28,5774.4,North,Debit Card
909,2025-11-27 20:13:41.621621,Jacket,Clothing,4,3891,7,14474.52,East,UPI
910,2025-11-28 04:58:22.702702,Backpack,Accessories,1,1254,1,1241.46,South,Credit Card
911,2025-11-28 13:43:03.783783,Perfume,Beauty,4,4790,14,16477.6,West,UPI
912,2025-11-28 22:27:44.864864,Perfume,Beauty,2,3549,11,6317.22,East,Credit Card
913,2025-11-29 07:12:25.945945,Watch,Accessories,2,683,29,969.86,South,UPI
914,2025-11-29 15:57:07.027027,Sneakers,Footwear,2,4334,29,6154.28,North,UPI
915,2025-11-30 00:41:48.108108,Dress,Clothing,2,1222,3,2370.68,East,Credit Card
916,2025-11-30 09:26:29.189189,Perfume,Beauty,3,1274,14,3286.92,West,Cash on Delivery
917,2025-11-30 18:11:10.270270,Watch,Accessories,3,1663,25,3741.75,North,Cash on Delivery
918,2025-12-01 02:55:51.351351,T-Shirt,Clothing,4,4787,0,19148.0,North,Debit Card
919,2025-12-01 11:40:32.432432,Jacket,Clothing,2,4800,2,9408.0,East,UPI
920,2025-12-01 20:25:13.513513,Backpack,Accessories,2,989,15,1681.3,South,UPI
921,2025-12-02 05:09:54.594594,Backpack,Accessories,2,3875,7,7207.5,East,UPI
922,2025-12-02 13:54:35.675675,Watch,Accessories,4,4472,5,16993.6,South,Credit Card
923,2025-12-02 22:39:16.756756,Backpack,Accessories,3,1505,28,3250.8,West,Credit Card
924,2025-12-03 07:23:57.837837,Hoodie,Clothing,4,598,28,1722.24,East,Debit Card
925,2025-12-03 16:08:38.918918,Perfume,Beauty,3,4760,26,10567.2,East,Debit Card
926,2025-12-04 00:53:20.000000,T-Shirt,Clothing,3,2806,26,6229.32,North,Debit Card
927,2025-12-04 09:38:01.081081,Jacket,Clothing,3,4903,15,12502.65,North,Debit Card
928,2025-12-04 18:22:42.162162,Jacket,Clothing,2,3786,13,6587.64,West,Credit Card
929,2025-12-05 03:07:23.243243,T-Shirt,Clothing,4,4139,10,14900.4,South,Debit Card
930,2025-12-05 11:52:04.324324,Sneakers,Footwear,4,3496,9,12725.44,East,UPI
931,2025-12-05 20:36:45.405405,Hoodie,Clothing,1,4778,18,3917.96,East,Credit Card
932,2025-12-06 05:21:26.486486,Perfume,Beauty,1,2558,22,1995.24,West,Debit Card
933,2025-12-06 14:06:07.567567,Jeans,Clothing,3,2887,4,8314.56,East,Debit Card
934,2025-12-06 22:50:48.648648,Dress,Clothing,3,3127,17,7786.23,West,Credit Card
935,2025-12-07 07:35:29.729729,T-Shirt,Clothing,2,3839,5,7294.1,North,Credit Card
936,2025-12-07 16:20:10.810810,Jeans,Clothing,3,1398,20,3355.2,West,UPI
937,2025-12-08 01:04:51.891891,Watch,Accessories,1,870,30,609.0,North,UPI
938,2025-12-08 09:49:32.972972,Jacket,Clothing,2,1217,18,1995.88,North,Cash on Delivery
939,2025-12-08 18:34:14.054054,Watch,Accessories,4,1978,7,7358.16,West,Credit Card
940,2025-12-09 03:18:55.135135,Jacket,Clothing,2,4488,13,7809.12,South,Credit Card
941,2025-12-09 12:03:36.216216,Hoodie,Clothing,2,1435,0,2870.0,East,Debit Card
942,2025-12-09 20:48:17.297297,Backpack,Accessories,2,4927,29,6996.34,South,Debit Card
943,2025-12-10 05:32:58.378378,Backpack,Accessories,2,4408,12,7758.08,South,UPI
944,2025-12-10 14:17:39.459459,T-Shirt,Clothing,2,4175,21,6596.5,South,Debit Card
945,2025-12-10 23:02:20.540540,Backpack,Accessories,4,4182,21,13215.12,West,Cash on Delivery
946,2025-12-11 07:47:01.621621,Backpack,Accessories,2,2687,19,4352.94,East,Cash on Delivery
947,2025-12-11 16:31:42.702702,Watch,Accessories,4,1254,14,4313.76,West,Cash on Delivery
948,2025-12-12 01:16:23.783783,Dress,Clothing,3,3627,30,7616.7,North,Debit Card
949,2025-12-12 10:01:04.864864,Sneakers,Footwear,4,2128,9,7745.92,North,Debit Card
950,2025-12-12 18:45:45.945945,Watch,Accessories,1,1530,30,1071.0,North,Credit Card
951,2025-12-13 03:30:27.027027,Hoodie,Clothing,4,4156,9,15127.84,South,UPI
952,2025-12-13 12:15:08.108108,Sneakers,Footwear,2,1846,1,3655.08,South,Debit Card
953,2025-12-13 20:59:49.189189,Perfume,Beauty,2,1062,19,1720.44,South,Credit Card
954,2025-12-14 05:44:30.270270,Backpack,Accessories,2,4959,14,8529.48,North,Cash on Delivery
955,2025-12-14 14:29:11.351351,Sneakers,Footwear,1,2340,7,2176.2,West,Cash on Delivery
956,2025-12-14 23:13:52.432432,Backpack,Accessories,3,4755,10,12838.5,South,Cash on Delivery
957,2025-12-15 07:58:33.513513,Backpack,Accessories,1,1161,23,893.97,West,Credit Card
958,2025-12-15 16:43:14.594594,Watch,Accessories,4,936,12,3294.72,West,Cash on Delivery
959,2025-12-16 01:27:55.675675,Dress,Clothing,2,3457,3,6706.58,East,Credit Card
960,2025-12-16 10:12:36.756756,Jacket,Clothing,3,2179,30,4575.9,West,Debit Card
961,2025-12-16 18:57:17.837837,Jacket,Clothing,2,4426,22,6904.56,East,Cash on Delivery
962,2025-12-17 03:41:58.918918,Dress,Clothing,4,4881,9,17766.84,West,Cash on Delivery
963,2025-12-17 12:26:40.000000,Backpack,Accessories,3,3483,27,7627.77,South,Debit Card
964,2025-12-17 21:11:21.081081,T-Shirt,Clothing,1,3618,30,2532.6,East,Credit Card
965,2025-12-18 05:56:02.162162,Sunglasses,Accessories,3,2453,20,5887.2,West,Credit Card
966,2025-12-18 14:40:43.243243,Sunglasses,Accessories,2,987,17,1638.42,East,Cash on Delivery
967,2025-12-18 23:25:24.324324,Backpack,Accessories,1,2453,14,2109.58,East,Debit Card
968,2025-12-19 08:10:05.405405,Watch,Accessories,3,3196,8,8820.96,West,Cash on Delivery
969,2025-12-19 16:54:46.486486,Perfume,Beauty,3,1144,15,2917.2,North,Debit Card
970,2025-12-20 01:39:27.567567,Jacket,Clothing,3,526,15,1341.3,South,Cash on Delivery
971,2025-12-20 10:24:08.648648,Watch,Accessories,3,4079,26,9055.38,North,Cash on Delivery
972,2025-12-20 19:08:49.729729,Backpack,Accessories,1,3224,16,2708.16,North,UPI
973,2025-12-21 03:53:30.810810,Jacket,Clothing,3,2181,13,5692.41,East,Credit Card
974,2025-12-21 12:38:11.891891,Hoodie,Clothing,4,1874,7,6971.28,North,UPI
975,2025-12-21 21:22:52.972972,Jacket,Clothing,3,1745,23,4030.95,West,UPI
976,2025-12-22 06:07:34.054054,Sneakers,Footwear,4,1966,12,6920.32,South,Credit Card
977,2025-12-22 14:52:15.135135,Jacket,Clothing,4,2594,7,9649.68,South,UPI
978,2025-12-22 23:36:56.216216,Jacket,Clothing,2,1867,2,3659.32,South,Debit Card
979,2025-12-23 08:21:37.297297,T-Shirt,Clothing,3,648,30,1360.8,North,Credit Card
980,2025-12-23 17:06:18.378378,Hoodie,Clothing,1,2634,29,1870.14,North,Credit Card
981,2025-12-24 01:50:59.459459,Hoodie,Clothing,3,4778,21,11323.86,West,UPI
982,2025-12-24 10:35:40.540540,Perfume,Beauty,2,575,19,931.5,North,UPI
983,2025-12-24 19:20:21.621621,Jacket,Clothing,4,4876,0,19504.0,East,UPI
984,2025-12-25 04:05:02.702702,T-Shirt,Clothing,4,3429,7,12755.88,South,Debit Card
985,2025-12-25 12:49:43.783783,Watch,Accessories,2,627,7,1166.22,East,Credit Card
986,2025-12-25 21:34:24.864864,Watch,Accessories,1,1820,27,1328.6,North,UPI
987,2025-12-26 06:19:05.945945,Watch,Accessories,2,3105,17,5154.3,East,UPI
988,2025-12-26 15:03:47.027027,Watch,Accessories,1,797,28,573.84,South,Credit Card
989,2025-12-26 23:48:28.108108,Jeans,Clothing,1,1947,22,1518.66,North,Cash on Delivery
990,2025-12-27 08:33:09.189189,Sneakers,Footwear,4,442,8,1626.56,West,Credit Card
991,2025-12-27 17:17:50.270270,Dress,Clothing,3,2731,19,6636.33,South,UPI
992,2025-12-28 02:02:31.351351,Sunglasses,Accessories,4,2996,21,9467.36,East,UPI
993,2025-12-28 10:47:12.432432,Sneakers,Footwear,3,4091,8,11291.16,West,Debit Card
994,2025-12-28 19:31:53.513513,T-Shirt,Clothing,1,3251,7,3023.43,East,Credit Card
995,2025-12-29 04:16:34.594594,T-Shirt,Clothing,3,3603,9,9836.19,South,Debit Card
996,2025-12-29 13:01:15.675675,Watch,Accessories,3,1804,25,4059.0,North,UPI
997,2025-12-29 21:45:56.756756,Dress,Clothing,4,3778,23,11636.24,South,Credit Card
998,2025-12-30 06:30:37.837837,Jeans,Clothing,2,792,18,1298.88,South,Cash on Delivery
999,2025-12-30 15:15:18.918918,Sunglasses,Accessories,1,4622,18,3790.04,East,Cash on Delivery
1000,2025-12-31 00:00:00.000000,T-Shirt,Clothing,1,1773,30,1241.1,West,Debit Card
